Workbook
Name upahbahan: '[1]Upah Bahan'!$F$9:$H$2830

Sheet BOQ STRUKTUR
B7: No. | C7: PEKERJAAN | D7: VOLUME | E7: UNIT | F7: UNIT PRICE | G7: HARGA
B8: 1 | C8: 2 | D8: 3 | E8: 4 | F8: 5 | G8: 6 | J8: L | K8: P | L8: D | M8: V | N8: jml | O8: Vol | Q8: Luas
I9: Basement | J9: 20.3 | K9: 54.45 | L9: 2.5 | M9: =L9*K9*J9 -> 2763.3375 | Q9: =J9*K9 -> 1105.335
B10: I | C10: Pekerjaan Tanah | AG10: CATATAN:
B11: A | C11: Galian | I11: Ramp | J11: 2.9 | K11: 5.3 | L11: 2.5 | M11: =L11*K11*J11 -> 38.425 | Q11: =J11*K11 -> 15.37 | AG11: JANGAN MEN DELATE CELL
B12: 1 | C12: Plat basement | D12: =M9 -> 2763.3375 | E12: m3 | F12: =AHSP!$I$3 -> 52800 | G12: =D12*F12 -> 145904220 | J12: 2.8 | K12: 19.3 | L12: 1.25 | M12: =L12*K12*J12 -> 67.55 | Q12: =J12*K12 -> 54.04 | AG12: ADA RUMUS DAN DATA PADA CELL YG DI HIDE
B13: 2 | C13: Sloop | D13: =O22 -> 165.197 | E13: m3 | F13: =AHSP!$I$3 -> 52800 | G13: =D13*F13 -> 8722401.6 | M13: =SUM(M11:M12) -> 105.975
B14: 3 | C14: Poor | D14: =N28 -> 110.2 | E14: m3 | F14: =AHSP!$I$3 -> 52800 | G14: =D14*F14 -> 5818560 | I14: Ground tnk | J14: 3.5 | K14: 4 | L14: 3 | M14: =L14*K14*J14 -> 42 | N14: 2 | O14: =M14*N14 -> 84 | Q14: =J14*K14 -> 14 | R14: Tinggi
B15: 4 | C15: Galian ramp | D15: =M13 -> 105.975 | E15: m3 | F15: =AHSP!$I$3 -> 52800 | G15: =D15*F15 -> 5595480 | I15: S45/70 | J15: 0.65 | K15: 7.8 | L15: 0.5 | M15: =L15*K15*J15 -> 2.535 | N15: 9 | O15: =N15*M15*L15 -> 11.4075 | Q15: =SUM(Q9:Q14) -> 1188.745 | R15: 0.6 | S15: =R15*K15*N15*2 -> 84.24
B16: 5 | C16: Galian ground tank tank | D16: =O14 -> 84 | E16: m3 | F16: =AHSP!$I$3 -> 52800 | G16: =D16*F16 -> 4435200 | I16: S40/60 | J16: 0.6 | K16: 5.9 | L16: 0.4 | M16: =L16*K16*J16 -> 1.416 | N16: 18 | O16: =M16*N16 -> 25.488 | R16: 0.4 | S16: =R16*K16*N16*2 -> 84.96
J17: 0.6 | K17: 53.75 | L17: 0.4 | M17: =L17*K17*J17 -> 12.9 | N17: 2 | O17: =M17*N17 -> 25.8 | R17: 0.4 | S17: =R17*K17*N17*2 -> 86
B18: B | C18: Pemadatan tanah galian | D18: =Q15 -> 1188.745 | E18: m2 | F18: =AHSP!I18 -> 24500 | G18: =D18*F18 -> 29124252 | I18: S35/50 | J18: 0.55 | K18: =2*6.8+2*5.15 -> 23.9 | L18: 0.3 | M18: =L18*K18*J18 -> 3.9435 | N18: 1 | O18: =M18*N18 -> 3.9435 | R18: 0.4 | S18: =R18*K18*N18*2 -> 19.12
J19: 0.55 | K19: =4*9+19.6*2 -> 75.2 | L19: 0.3 | M19: =L19*K19*J19 -> 12.408 | N19: 1 | O19: =M19*N19 -> 12.408 | R19: 0.4 | S19: =R19*K19*N19*2 -> 60.16
B20: C | C20: Pembuangan tanah keluar | D20: =SUM(D12:D16) -> 3228.7095 | E20: m3 | F20: =AHSP!I32 -> 29900 | G20: =D20*F20 -> 96538414
F21: Sub Total I | G21: =SUM(G12:G20) -> 2.9613853e+08 | I21: S30/45 | J21: 0.5 | K21: =2*8.6 -> 17.2 | L21: 0.25 | M21: =L21*K21*J21 -> 2.15 | N21: 1 | O21: =M21*N21 -> 2.15 | R21: 0.4 | S21: =R21*K21*N21*2 -> 13.76
O22: =SUM(O14:O21) -> 165.197 | S22: =SUM(S15:S21) -> 348.24
B23: II | C23: Pekerjaan Pondasi tiang pancang | D23: 220 | E23: buah | G23: =D23*F23 -> 0 | J23: L | K23: P | L23: D | M23: Jml | N23: Vol | P23: Jml | Q23: Vol
F24: Sub Total II | G24: =SUM(G23) -> 0 | I24: P1 | J24: 1 | K24: 1 | L24: 0.5 | M24: 26 | N24: =M24*L24*K24*J24 -> 13 | P24: 1 | Q24: =P24*M24 -> 26 | R24: 0.6 | S24: =2*(J24+K24)*M24*R24 -> 62.4
I25: P2 | J25: 1.2 | K25: 2 | L25: 0.5 | M25: 11 | N25: =M25*L25*K25*J25 -> 13.2 | P25: 2 | Q25: =P25*M25 -> 22 | R25: 0.6 | S25: =2*(J25+K25)*M25*R25 -> 42.24
B26: III | C26: Pekerjaan Lantai Basement | I26: P3 | J26: 2 | K26: 2 | L26: 0.5 | M26: 20 | N26: =M26*L26*K26*J26 -> 40 | P26: 3 | Q26: =P26*M26 -> 60 | R26: 0.6 | S26: =2*(J26+K26)*M26*R26 -> 96
B27: A | C27: Pasang bekisting batako | I27: P4 | J27: 2 | K27: 2 | L27: 0.5 | M27: 22 | N27: =M27*L27*K27*J27 -> 44 | P27: 5 | Q27: =P27*M27 -> 110 | R27: 0.6 | S27: =2*(J27+K27)*M27*R27 -> 105.6
B28: 1 | C28: Sloop | D28: =S22 -> 348.24 | E28: m2 | F28: =AHSP!$H$47 -> 272100 | G28: =D28*F28 -> 94756104 | N28: =SUM(N24:N27) -> 110.2 | Q28: =SUM(Q24:Q27) -> 218 | S28: =SUM(S24:S27) -> 306.24
B29: 2 | C29: Poor | D29: =S28 -> 306.24 | E29: m2 | F29: =AHSP!$H$47 -> 272100 | G29: =D29*F29 -> 83327904 | J29: Pnj | K29: D19 | L29: D16 | M29: d8 | N29: brt19 | O29: brt16 | P29: brt8 | U29: Berat besi
B30: B | C30: Lantai kerja | D30: =D18 -> 1188.745 | E30: m2 | F30: =AHSP!$H$47 -> 272100 | G30: =D30*F30 -> 3.2345751e+08 | I30: S45/70 | J30: =K15*N15 -> 70.2 | K30: 9 | L30: 5 | M30: =1.8/0.15 -> 12 | N30: 2.23 | O30: 1.58 | P30: 0.395 | Q30: =1.1*J30*(K30*N30+L30*O30+M30*P30) -> 2525.8662 | T30: d8 | U30: d10 | V30: D13 | W30: D16 | X30: D19 | Y30: D22
B31: C | C31: Pekerjaan besi beton | I31: S40/60 | J31: =K16*N16 -> 106.2 | K31: 8.5 | L31: 2 | M31: =1.56/0.15 -> 10.4 | N31: 2.23 | O31: 1.58 | P31: 0.395 | Q31: =1.1*J31*(K31*N31+L31*O31+M31*P31) -> 3063.3709 | T31: 0.395 | U31: 0.62 | V31: 1.04 | W31: 1.58 | X31: 2.23 | Y31: 2.98
B32: 1 | C32: Sloop 45/70 | D32: =Q30 -> 2525.8662 | E32: kg | F32: =AHSP!$H$67 -> 19300 | G32: =D32*F32 -> 48749218 | I32: S2*40/60 | J32: =2*53.75 -> 107.5 | L32: 13 | M32: =M31 -> 10.4 | N32: 2.23 | O32: 1.58 | P32: 0.395 | Q32: =1.1*J32*(K32*N32+L32*O32+M32*P32) -> 2914.626
B33: 2 | C33: Sloop 40/60 | D33: =Q31 -> 3063.3709 | E33: kg | F33: =AHSP!$H$67 -> 19300 | G33: =D33*F33 -> 59123058 | I33: S35/50 | J33: =K18+K19 -> 99.1 | L33: 10 | M33: =1.2/0.15 -> 8 | N33: 2.23 | O33: 1.58 | P33: 0.395 | Q33: =1.1*J33*(K33*N33+L33*O33+M33*P33) -> 2066.8296
B34: 3 | C34: Sloop 40/60* | D34: =Q32 -> 2914.626 | E34: kg | F34: =AHSP!$H$67 -> 19300 | G34: =D34*F34 -> 56252282 | I34: S30/45 | J34: =K21 -> 17.2 | L34: 8 | M34: 8 | N34: 2.23 | O34: 1.58 | P34: 0.395 | Q34: =1.1*J34*(K34*N34+L34*O34+M34*P34) -> 298.936
B35: 4 | C35: Sloop 35/50 | D35: =Q33 -> 2066.8296 | E35: kg | F35: =AHSP!$H$67 -> 19300 | G35: =D35*F35 -> 39889811 | N35: D19 | O35: D16 | P35: brt19 | Q35: brt16 | R35: berat | S35: Jml | T35: Vol
B36: 5 | C36: Sloop 30/45 | D36: =Q34 -> 298.936 | E36: kg | F36: =AHSP!$H$67 -> 19300 | G36: =D36*F36 -> 5769464.8 | I36: P1 | J36: 0.75 | K36: 0.65 | L36: =K36+J36 -> 1.4 | M36: 6 | N36: =2*M36*L36 -> 16.8 | O36: =N36+K36*4 -> 19.4 | P36: 2.23 | Q36: 1.58 | R36: =N36*P36+O36*Q36 -> 68.116 | S36: 26 | T36: =S36*R36 -> 1771.016
B37: 6 | C37: Poor P1 | D37: =T36 -> 1771.016 | E37: kg | F37: =AHSP!$H$67 -> 19300 | G37: =D37*F37 -> 34180609 | I37: P2 | J37: 0.75 | K37: 1.65 | L37: =K37+J37 -> 2.4 | M37: 9 | N37: =2*M37*L37 -> 43.2 | O37: =N37+2*(1.65+0.85) -> 48.2 | P37: 2.23 | Q37: 1.58 | R37: =N37*P37+O37*Q37 -> 172.492 | S37: 11 | T37: =S37*R37 -> 1897.412
B38: 7 | C38: Poor P2 | D38: =T37 -> 1897.412 | E38: kg | F38: =AHSP!$H$67 -> 19300 | G38: =D38*F38 -> 36620052 | J38: 0.75 | K38: 1.15 | L38: =K38+J38 -> 1.9 | M38: 10 | N38: =2*M38*L38 -> 38
B39: 8 | C39: Poor P3 | D39: =T40 -> 5298.72 | E39: kg | F39: =AHSP!$H$67 -> 19300 | G39: =D39*F39 -> 1.022653e+08 | J39: 0.75 | K39: 1.65 | L39: =K39+J39 -> 2.4 | M39: 6 | N39: =2*M39*L39 -> 28.8
B40: 9 | C40: Poor P4 | D40: =T41 -> 6666.792 | E40: kg | F40: =AHSP!$H$67 -> 19300 | G40: =D40*F40 -> 1.2866909e+08 | I40: P3 | N40: =SUM(N38:N39) -> 66.8 | O40: =N40+4*K39 -> 73.4 | P40: 2.23 | Q40: 1.58 | R40: =N40*P40+O40*Q40 -> 264.936 | S40: 20 | T40: =S40*R40 -> 5298.72
B41: 10 | C41: Pelat basement Wiremesh M10 | D41: =Q9*2 -> 2210.67 | E41: m2 | F41: =AHSP!$H$152 -> 13800 | G41: =D41*F41 -> 30507246 | I41: P4 | J41: 0.75 | K41: 1.65 | L41: =K41+J41 -> 2.4 | M41: 16 | N41: =2*M41*L41 -> 76.8 | O41: =N41+4*K41 -> 83.4 | P41: 2.23 | Q41: 1.58 | R41: =N41*P41+O41*Q41 -> 303.036 | S41: 22 | T41: =S41*R41 -> 6666.792
B42: 11 | C42: Besi ulir D13 -300 | D42: =N43 -> 3831.828 | E42: kg | F42: =AHSP!$H$67 -> 19300 | G42: =D42*F42 -> 73954280 | J42: L | K42: P | L42: D13 | M42: brt13 | N42: Vol
B43: D | C43: Beton F'c 25 Mpa. | I43: Basement | J43: 20.3 | K43: 54.45 | L43: =K43/0.3*J43/2*2 -> 3684.45 | M43: 1.04 | N43: =M43*L43 -> 3831.828
B44: 1 | C44: Sloop 45/70 | D44: =O45 -> 31.941 | E44: m3 | F44: =AHSP!$H$107 -> 1382600 | G44: =D44*F44 -> 44161627 | J44: L | K44: P | L44: T | M44: Jml | O44: Vol | R44: L | S44: P | T44: D | U44: Jml | V44: Vol
B45: 2 | C45: Sloop 40/60 | D45: =N46 -> 38.232 | E45: m3 | F45: =AHSP!$H$107 -> 1382600 | G45: =D45*F45 -> 52859563 | I45: S45/70 | J45: 0.65 | K45: 7.8 | L45: 0.7 | M45: 9 | O45: =J45*K45*L45*M45 -> 31.941 | Q45: P1 | R45: 0.8 | S45: 0.8 | T45: 0.65 | U45: 26 | V45: =U45*T45*S45*R45 -> 10.816 | Y45: Sk | Z45: kait | AA45: kait
B46: 3 | C46: Sloop 40/60* | D46: =N47 -> 38.7 | E46: m3 | F46: =AHSP!$H$107 -> 1382600 | G46: =D46*F46 -> 53506620 | I46: S40/60 | J46: 0.6 | K46: 5.9 | L46: 0.6 | M46: 18 | N46: =M46*L46*K46*J46 -> 38.232 | Q46: P2 | R46: 1 | S46: 1.8 | T46: 0.65 | U46: 11 | V46: =U46*T46*S46*R46 -> 12.87 | Y46: d10 | Z46: d10 | AA46: d8
B47: 4 | C47: Sloop 35/50 | D47: =O49 -> 27.2525 | E47: m3 | F47: =AHSP!$H$107 -> 1382600 | G47: =D47*F47 -> 37679307 | J47: 0.6 | K47: 53.75 | L47: 0.6 | M47: 2 | N47: =M47*L47*K47*J47 -> 38.7 | O47: =N47+N46 -> 76.932 | Q47: P3 | R47: 1.8 | S47: 1.67 | T47: 0.65 | U47: 20 | V47: =U47*T47*(S47*R47-1*0.67/2) -> 34.723 | X47: K1 | Y47: =2.55/0.125 -> 20.4 | Z47: =0.95*4/0.2 -> 19 | AA47: =0.95*4/0.3 -> 12.666667
B48: 5 | C48: Sloop 30/45 | D48: =O50 -> 3.87 | E48: m3 | F48: =AHSP!$H$107 -> 1382600 | G48: =D48*F48 -> 5350662 | I48: S35/50 | J48: 0.55 | K48: =2*6.8+2*5.15 -> 23.9 | L48: 0.5 | M48: 1 | N48: =M48*L48*K48*J48 -> 6.5725 | Q48: P4 | R48: 1.8 | S48: 1.8 | T48: 0.65 | U48: 22 | V48: =U48*T48*S48*R48 -> 46.332 | X48: K2 | Y48: =2.45/0.125 -> 19.6 | Z48: =0.85*2/0.2 -> 8.5 | AA48: =0.85*4/0.3+0.85*2/0.2 -> 19.833333
B49: 6 | C49: Poor P1 | D49: =V45 -> 10.816 | E49: m3 | F49: =AHSP!$H$107 -> 1382600 | G49: =D49*F49 -> 14954202 | J49: 0.55 | K49: =4*9+19.6*2 -> 75.2 | L49: 0.5 | M49: 1 | N49: =M49*L49*K49*J49 -> 20.68 | O49: =N49+N48 -> 27.2525 | V49: =SUM(V45:V48) -> 104.741 | X49: K5 | Y49: =1.75/0.125 -> 14 | Z49: =0.65*2/0.2 -> 6.5 | AA49: =0.65*4/0.3+0.65*2/0.2 -> 15.166667
B50: 7 | C50: Poor P2 | D50: =V46 -> 12.87 | E50: m3 | F50: =AHSP!$H$107 -> 1382600 | G50: =D50*F50 -> 17794062 | I50: S30/45 | J50: 0.5 | K50: =2*8.6 -> 17.2 | L50: 0.45 | M50: 1 | O50: =J50*K50*L50*M50 -> 3.87 | R50: L | S50: P | T50: T | U50: Vol | X50: K6 | Y50: =1.75/0.125 -> 14 | Z50: =0.65*2/0.2 -> 6.5 | AA50: =0.75*1/0.3+0.55*2/0.3+0.55*1/0.2 -> 8.9166667
B51: 8 | C51: Poor P3 | D51: =V47 -> 34.723 | E51: m3 | F51: =AHSP!$H$107 -> 1382600 | G51: =D51*F51 -> 48008020 | J51: P | K51: Tng | P51: Basement | R51: 20.3 | S51: 54.45 | T51: 0.25 | U51: =R51*S51*T51-V49*0.25/0.65 -> 236.04875 | X51: K7 | Y51: =1.55/0.125 -> 12.4 | Z51: =0.55*2/0.2 -> 5.5 | AA51: =0.65*1/0.3+0.55*2/0.3+0.55*1/0.2 -> 8.5833333
B52: 9 | C52: Poor P4 | D52: =V48 -> 46.332 | E52: m3 | F52: =AHSP!$H$107 -> 1382600 | G52: =D52*F52 -> 64058623 | I52: Dinding | J52: =2*(18+19.6-1.5) -> 72.2 | K52: =3.3-0.55 -> 2.75 | L52: =K52*J52 -> 198.55 | N52: Dinding | O52: Beton | P52: P | Q52: T | R52: tbl | S52: Vol | X52: K8 | Y52: =1.35/0.125 -> 10.8 | Z52: =0.25*2/0.2 -> 2.5 | AA52: =0.25*2/0.3 -> 1.6666667
B53: 10 | C53: Pelat basement | D53: =U51 -> 236.04875 | E53: m3 | F53: =AHSP!$H$107 -> 1382600 | G53: =D53*F53 -> 3.26361e+08 | J53: =2*35.75-6 -> 65.5 | K53: 2.3 | L53: =K53*J53 -> 150.65 | P53: =J52-11*0.4-10*0.65-6*0.7 -> 57.1 | Q53: =K52 -> 2.75 | R53: 0.2 | S53: =R53*Q53*P53 -> 31.405 | X53: K8' | Y53: =1.35/0.125 -> 10.8 | AA53: =0.25/0.125 -> 2
F54: Sub Total III | G54: =SUM(G27:G53) -> 1.7822556e+09 | I54: Bekisting | L54: =SUM(L52:L53) -> 349.2 | M54: =L54*2 -> 698.4 | P54: =J53-10*0.65-1*5-1*0.4 -> 53.6 | Q54: =K53 -> 2.3 | R54: 0.2 | S54: =R54*Q54*P54 -> 24.656
I55: Besi M10 | J55: =2*(18+19.6-1.5) -> 72.2 | K55: 3.45 | L55: =K55*J55 -> 249.09 | O55: 11x.4 | P55: 10x.65 | S55: =SUM(S53:S54) -> 56.061
B56: IV | C56: Pekerjaan Dinding Basement | J56: =2*35.75-6 -> 65.5 | K56: 2.6 | L56: =K56*J56 -> 170.3 | O56: 10x.65 | P56: 1x.5
B57: 1 | C57: Bekisting | D57: =M54 -> 698.4 | E57: m2 | F57: =AHSP!H215 -> 241200 | G57: =D57*F57 -> 168454080 | L57: =SUM(L55:L56) -> 419.39 | M57: =L57*2 -> 838.78 | O57: 6x.7 | P57: 1x.4
B58: 2 | C58: Pembesian wiremesh M10 | D58: =M57 -> 838.78 | E58: m2 | F58: =AHSP!$H$152 -> 13800 | G58: =D58*F58 -> 11575164 | I58: Kolom | K58: jml | L58: P | M58: L | N58: T | O58: Area | P58: Vol | Q58: T | R58: D16 | S58: D19 | T58: d10 | U58: d8 | V58: brt d16 | W58: brt d19 | X58: brt d10 | Y58: brt d8 | Z58: vol/unit | AA58: Vol
B59: 3 | C59: Beton F'c 25 Mpa. | D59: =S55 -> 56.061 | E59: m3 | F59: =AHSP!$H$107 -> 1382600 | G59: =D59*F59 -> 77509939 | J59: K1 | K59: 24 | L59: 0.7 | M59: 0.7 | N59: =K52 -> 2.75 | O59: =K59*(L59+M59)*2*N59 -> 184.8 | P59: =K59*L59*M59*N59 -> 32.34 | Q59: 3.3 | S59: 36 | T59: =Y47+Z47 -> 39.4 | U59: =AA47 -> 12.666667 | V59: 1.58 | W59: 2.23 | X59: 0.62 | Y59: 0.395 | Z59: =S59*(Q59+0.7)+W59*Q59*(T59*X59+U59*Y59) -> 360.58518 | AA59: =Z59*K59 -> 8654.0444
F60: Sub Total IV | G60: =SUM(G57:G59) -> 2.5753918e+08 | J60: K2 | K60: 20 | L60: 0.65 | M60: 0.65 | N60: =N59 -> 2.75 | O60: =K60*(L60+M60)*2*N60 -> 143 | P60: =K60*L60*M60*N60 -> 23.2375 | Q60: 3.3 | S60: 32 | T60: =Y48+Z48 -> 28.1 | U60: =AA48 -> 19.833333 | V60: 1.58 | W60: 2.23 | X60: 0.62 | Y60: 0.395 | Z60: =S60*(Q60+0.7)+W60*Q60*(T60*X60+U60*Y60) -> 313.86013 | AA60: =Z60*K60 -> 6277.2026
J61: K5 | K61: 2 | L61: 0.5 | M61: 0.5 | N61: =N60 -> 2.75 | O61: =K61*(L61+M61)*2*N61 -> 11 | P61: =K61*L61*M61*N61 -> 1.375 | Q61: 3.3 | S61: 20 | T61: =Y49+Z49 -> 20.5 | U61: =AA49 -> 15.166667 | V61: 1.58 | W61: 2.23 | X61: 0.62 | Y61: 0.395 | Z61: =S61*(Q61+0.7)+W61*Q61*(T61*X61+U61*Y61) -> 217.61943 | AA61: =Z61*K61 -> 435.23886
B62: V | C62: Pekerjaan Kolom Basement | J62: K6 | K62: 1 | L62: 0.4 | M62: 0.6 | N62: =N61 -> 2.75 | O62: =K62*(L62+M62)*2*N62 -> 5.5 | P62: =K62*L62*M62*N62 -> 0.66 | Q62: 3.3 | S62: 20 | T62: =Y50+Z50 -> 20.5 | U62: =AA50 -> 8.9166667 | V62: 1.58 | W62: 2.23 | X62: 0.62 | Y62: 0.395 | Z62: =S62*(Q62+0.7)+W62*Q62*(T62*X62+U62*Y62) -> 199.4519 | AA62: =Z62*K62 -> 199.4519
B63: A | C63: Bekisting | J63: K7 | K63: 10 | L63: 0.4 | M63: 0.5 | N63: =N62 -> 2.75 | O63: =K63*(L63+M63)*2*N63 -> 49.5 | P63: =K63*L63*M63*N63 -> 5.5 | Q63: 3.3 | S63: 18 | T63: =Y51+Z51 -> 17.9 | U63: =AA51 -> 8.5833333 | V63: 1.58 | W63: 2.23 | X63: 0.62 | Y63: 0.395 | Z63: =S63*(Q63+0.7)+W63*Q63*(T63*X63+U63*Y63) -> 178.62026 | AA63: =Z63*K63 -> 1786.2026
B64: 1 | C64: Kolom K1 70x70 | D64: =O59 -> 184.8 | E64: m2 | F64: =AHSP!$H$171 -> 226400 | G64: =D64*F64 -> 41838720 | J64: K8 | K64: 4 | L64: 0.4 | M64: 0.4 | N64: 3.3 | O64: =K64*(L64+M64)*2*N64 -> 21.12 | P64: =K64*L64*M64*N64 -> 2.112 | Q64: 3.7 | S64: 16 | T64: =Y52+Z52 -> 13.3 | U64: =AA52 -> 1.6666667 | V64: 1.58 | W64: 2.23 | X64: 0.62 | Y64: 0.395 | Z64: =S64*(Q64+0.7)+W64*Q64*(T64*X64+U64*Y64) -> 143.86965 | AA64: =Z64*K64 -> 575.47862
B65: 2 | C65: Kolom K2 65x65 | D65: =O60 -> 143 | E65: m2 | F65: =AHSP!$H$171 -> 226400 | G65: =D65*F65 -> 32375200 | J65: K8' | K65: 11 | L65: 0.4 | M65: 0.4 | N65: =N59 -> 2.75 | O65: =K65*(L65+M65)*2*N65 -> 48.4 | P65: =K65*L65*M65*N65 -> 4.84 | Q65: 3.3 | R65: 10 | T65: =Y53+Z53 -> 10.8 | U65: =AA53 -> 2 | V65: 1.58 | W65: 2.23 | X65: 0.62 | Y65: 0.395 | Z65: =R65*(Q65+0.7)+W65*Q65*(T65*X65+U65*Y65) -> 95.089474 | AA65: =Z65*K65 -> 1045.9842
B66: 3 | C66: Kolom K5 50x50 | D66: =O61 -> 11 | E66: m2 | F66: =AHSP!$H$171 -> 226400 | G66: =D66*F66 -> 2490400
B67: 4 | C67: Kolom K6 40x60 | D67: =O62 -> 5.5 | E67: m2 | F67: =AHSP!$H$171 -> 226400 | G67: =D67*F67 -> 1245200 | L67: L | M67: T | N67: P | O67: jml | P67: Bkist | Q67: Beton | R67: D13 | S67: D16 | T67: D19 | U67: d10 | V67: d8 | W67: brt d13 | X67: brt d16 | Y67: brt d19 | Z67: brt d10 | AA67: brt d8 | AB67: Vol ltd | AC67: Vol sk | AD67: Vol.tot
B68: 5 | C68: Kolom K7 40x50 | D68: =O63 -> 49.5 | E68: m2 | F68: =AHSP!$H$171 -> 226400 | G68: =D68*F68 -> 11206800 | J68: B45/65 | L68: 0.45 | M68: 0.65 | N68: 53.75 | O68: 2 | P68: =(L68+2*(M68-0.13))*N68*O68 -> 160.175 | Q68: =L68*(M68-0.13)*N68*O68 -> 25.155 | S68: =(16+3/2)*N68 -> 940.625 | U68: =2.15/0.15 -> 14.333333 | W68: 1.04 | X68: 1.58 | Y68: 2.23 | Z68: 0.62 | AA68: 0.395 | AB68: =S68*O68*X68 -> 2972.375 | AC68: =Z68*U68*O68*N68 -> 955.31667 | AD68: =AB68+AC68 -> 3927.6917
B69: 6 | C69: Kolom K8 40x40 | D69: =O64 -> 21.12 | E69: m2 | F69: =AHSP!$H$171 -> 226400 | G69: =D69*F69 -> 4781568 | J69: B45/65 | L69: 0.45 | M69: 0.65 | N69: 7.8 | O69: 11 | P69: =(L69+2*(M69-0.13))*N69*O69 -> 127.842 | Q69: =L69*(M69-0.13)*N69*O69 -> 20.0772 | S69: =(14+3/2)*N69 -> 120.9 | U69: =2.15/0.15 -> 14.333333 | X69: 1.58 | Y69: 2.23 | Z69: 0.62 | AA69: 0.395 | AB69: =S69*O69*X69 -> 2101.242 | AC69: =Z69*U69*O69*N69 -> 762.476 | AD69: =AB69+AC69 -> 2863.718
B70: 7 | C70: Kolom K8' 40x40 | D70: =O65 -> 48.4 | E70: m2 | F70: =AHSP!$H$171 -> 226400 | G70: =D70*F70 -> 10957760 | P70: =SUM(P68:P69) -> 288.017 | Q70: =SUM(Q68:Q69) -> 45.2322 | AD70: =SUM(AD68:AD69) -> 6791.4097
B71: B | C71: Pembesian | J71: B35/55 | L71: 0.35 | M71: 0.55 | N71: 18 | O71: 2 | P71: =(L71+2*(M71-0.13))*N71*O71 -> 42.84 | Q71: =L71*(M71-0.13)*N71*O71 -> 5.292 | S71: =(14+3/2)*N71 -> 279 | U71: =1.75/0.15 -> 11.666667 | X71: 1.58 | Y71: 2.23 | Z71: 0.62 | AA71: 0.395 | AB71: =S71*O71*X71 -> 881.64 | AC71: =Z71*U71*O71*N71 -> 260.4 | AD71: =AB71+AC71 -> 1142.04
B72: 1 | C72: Kolom K1 70x70 | D72: =AA59 -> 8654.0444 | E72: kg | F72: =F32 -> 19300 | G72: =D72*F72 -> 1.6702306e+08 | J72: B35/55 | L72: 0.35 | M72: 0.55 | N72: 5.9 | O72: 20 | P72: =(L72+2*(M72-0.13))*N72*O72 -> 140.42 | Q72: =L72*(M72-0.13)*N72*O72 -> 17.346 | S72: =(14+3/2)*N72 -> 91.45 | U72: =1.75/0.15 -> 11.666667 | X72: 1.58 | Y72: 2.23 | Z72: 0.62 | AA72: 0.395 | AB72: =S72*O72*X72 -> 2889.82 | AC72: =Z72*U72*O72*N72 -> 853.53333 | AD72: =AB72+AC72 -> 3743.3533
B73: 2 | C73: Kolom K2 65x65 | D73: =AA60 -> 6277.2026 | E73: kg | F73: =F33 -> 19300 | G73: =D73*F73 -> 1.2115001e+08 | P73: =SUM(P71:P72) -> 183.26 | Q73: =SUM(Q71:Q72) -> 22.638 | AD73: =SUM(AD71:AD72) -> 4885.3933
B74: 3 | C74: Kolom K5 50x50 | D74: =AA61 -> 435.23886 | E74: kg | F74: =F34 -> 19300 | G74: =D74*F74 -> 8400110.1 | J74: BA35/60 | L74: 0.35 | M74: 0.6 | N74: 7.8 | O74: 10 | P74: =(L74+2*(M74-0.13))*N74*O74 -> 100.62 | Q74: =L74*(M74-0.13)*N74*O74 -> 12.831 | R74: =4*N74 -> 31.2 | S74: =8*N74+2/2*N74 -> 70.2 | U74: =1.85/0.15 -> 12.333333 | W74: 1.04 | X74: 1.58 | Y74: 2.23 | Z74: 0.62 | AA74: 0.395 | AB74: =S74*O74*X74+R74*O74*W74 -> 1433.64 | AC74: =Z74*U74*O74*N74 -> 596.44 | AD74: =AB74+AC74 -> 2030.08
B75: 4 | C75: Kolom K6 40x60 | D75: =AA62 -> 199.4519 | E75: kg | F75: =F35 -> 19300 | G75: =D75*F75 -> 3849421.7 | J75: B30/50 | L75: 0.3 | M75: 0.5 | N75: =17.75+5.9+2.8*2+3.15 -> 32.4 | O75: 1 | P75: =(L75+2*(M75-0.13))*N75*O75 -> 33.696 | Q75: =L75*(M75-0.13)*N75*O75 -> 3.5964 | R75: 2 | S75: 8 | U75: =1.55/0.15 -> 10.333333 | W75: 1.04 | X75: 1.58 | Y75: 2.23 | Z75: 0.62 | AA75: 0.395 | AB75: =(S75*X75+R75*W75)*N75*O75 -> 476.928 | AC75: =Z75*U75*O75*N75 -> 207.576 | AD75: =AB75+AC75 -> 684.504
B76: 5 | C76: Kolom K7 40x50 | D76: =AA63 -> 1786.2026 | E76: kg | F76: =F36 -> 19300 | G76: =D76*F76 -> 34473710 | J76: BA30/50 | L76: 0.3 | M76: 0.5 | N76: 5.9 | O76: 16 | P76: =(L76+2*(M76-0.13))*N76*O76 -> 98.176 | Q76: =L76*(M76-0.13)*N76*O76 -> 10.4784 | R76: 2 | S76: 8 | U76: =1.45/0.15 -> 9.6666667 | W76: 1.04 | X76: 1.58 | Y76: 2.23 | Z76: 0.62 | AA76: 0.395 | AB76: =(S76*X76+R76*W76)*N76*O76 -> 1389.568 | AC76: =Z76*U76*O76*N76 -> 565.77067 | AD76: =AB76+AC76 -> 1955.3387
B77: 6 | C77: Kolom K8 40x40 | D77: =AA64 -> 575.47862 | E77: kg | F77: =F37 -> 19300 | G77: =D77*F77 -> 11106737
B78: 7 | C78: Kolom K8' 40x40 | D78: =AA65 -> 1045.9842 | E78: kg | F78: =F38 -> 19300 | G78: =D78*F78 -> 20187495
B79: C | C79: Beton F'c 25 Mpa. | J79: B25/40 | L79: 0.25 | M79: 0.4 | N79: =8.8+3.8+2.2+5.85 -> 20.65 | O79: 1 | P79: =(L79+2*(M79-0.13))*N79*O79 -> 16.3135 | Q79: =L79*(M79-0.13)*N79*O79 -> 1.393875 | S79: =5+1/2 -> 5.5 | V79: =1.25/0.15 -> 8.3333333 | W79: 1.04 | X79: 1.58 | Y79: 2.23 | Z79: 0.62 | AA79: 0.395 | AB79: =(S79*X79+R79*W79)*N79*O79 -> 179.4485 | AC79: =Z79*V79*O79*N79 -> 106.69167 | AD79: =AB79+AC79 -> 286.14017
B80: 1 | C80: Kolom K1 70x70 | D80: =P59 -> 32.34 | E80: m3 | F80: =F44 -> 1382600 | G80: =D80*F80 -> 44713284 | J80: B20/40 | L80: 0.2 | M80: 0.4 | N80: 2.9 | O80: 1 | P80: =(L80+2*(M80-0.13))*N80*O80 -> 2.146 | Q80: =L80*(M80-0.13)*N80*O80 -> 0.1566 | S80: 5 | V80: =1.15/0.15 -> 7.6666667 | W80: 1.04 | X80: 1.58 | Y80: 2.23 | Z80: 0.62 | AA80: 0.395 | AB80: =(S80*X80+R80*W80)*N80*O80 -> 22.91 | AC80: =Z80*V80*O80*N80 -> 13.784667 | AD80: =AB80+AC80 -> 36.694667
B81: 2 | C81: Kolom K2 65x65 | D81: =P60 -> 23.2375 | E81: m3 | F81: =F45 -> 1382600 | G81: =D81*F81 -> 32128168 | J81: B40/60 | L81: 0.4 | M81: 0.6 | N81: 35.75 | O81: 2 | P81: =(L81+2*(M81-0.13))*N81*O81 -> 95.81 | Q81: =L81*(M81-0.13)*N81*O81 -> 13.442 | S81: 14 | U81: =1.95/0.15 -> 13 | W81: 1.04 | X81: 1.58 | Y81: 2.23 | Z81: 0.62 | AA81: 0.395 | AB81: =S81*O81*X81*N81 -> 1581.58 | AC81: =Z81*U81*O81*N81 -> 576.29 | AD81: =AB81+AC81 -> 2157.87
B82: 3 | C82: Kolom K5 50x50 | D82: =P61 -> 1.375 | E82: m3 | F82: =F46 -> 1382600 | G82: =D82*F82 -> 1901075 | J82: B30/45 | L82: 0.3 | M82: 0.2 | N82: 2 | O82: 1 | P82: =(L82+2*(M82-0.13))*N82*O82 -> 0.88 | Q82: =L82*(M82-0.13)*N82*O82 -> 0.042 | R82: 2 | S82: 8 | U82: =1.45/0.15 -> 9.6666667 | W82: 1.04 | X82: 1.58 | Y82: 2.23 | Z82: 0.62 | AA82: 0.395 | AB82: =(S82*X82+R82*W82)*N82*O82 -> 29.44 | AC82: =Z82*U82*O82*N82 -> 11.986667 | AD82: =AB82+AC82 -> 41.426667
B83: 4 | C83: Kolom K6 40x60 | D83: =P62 -> 0.66 | E83: m3 | F83: =F47 -> 1382600 | G83: =D83*F83 -> 912516
B84: 5 | C84: Kolom K7 40x50 | D84: =P63 -> 5.5 | E84: m3 | F84: =F48 -> 1382600 | G84: =D84*F84 -> 7604300
B85: 6 | C85: Kolom K8 40x40 | D85: =P64 -> 2.112 | E85: m3 | F85: =F49 -> 1382600 | G85: =D85*F85 -> 2920051.2 | N85: =143/3 -> 47.666667 | P85: =300/24 -> 12.5 | R85: =780/60 -> 13 | T85: =300/5 -> 60 | V85: =0.28/280 -> 0.001
B86: 7 | C86: Kolom K8' 40x40 | D86: =P65 -> 4.84 | E86: m3 | F86: =F50 -> 1382600 | G86: =D86*F86 -> 6691784 | L86: =35*55 -> 1925 | N86: =284/6 -> 47.333333 | P86: =300/28 -> 10.714286 | R86: =590/50 -> 11.8
F87: Sub Total V | G87: =SUM(G63:G86) -> 5.6795737e+08 | L87: =1500/L86 -> 0.77922078 | T87: =281/6 -> 46.833333
L88: =210/12.5 -> 16.8 | M88: =34*0.6*3600*1.04 -> 76377.6 | N88: =M88/0.6/3600 -> 35.36 | P88: =259/3 -> 86.333333 | T88: =281/5 -> 56.2
B89: VI | C89: Pekerjaan Balok Lantai 1
B90: A | C90: Bekisting
B91: 1 | C91: Balok B45/65 | D91: =P70 -> 288.017 | E91: m2 | F91: =AHSP!$H$193 -> 238600 | G91: =D91*F91 -> 68720856
B92: 2 | C92: Balok B40/60 | D92: =P81 -> 95.81 | E92: m2 | F92: =AHSP!$H$193 -> 238600 | G92: =D92*F92 -> 22860266
B93: 3 | C93: Balok B35/55 | D93: =P73 -> 183.26 | E93: m2 | F93: =AHSP!$H$193 -> 238600 | G93: =D93*F93 -> 43725836
B94: 4 | C94: Balok BA35/60 | D94: =P74 -> 100.62 | E94: m2 | F94: =AHSP!$H$193 -> 238600 | G94: =D94*F94 -> 24007932
B95: 5 | C95: Balok B30/50 | D95: =P75 -> 33.696 | E95: m2 | F95: =AHSP!$H$193 -> 238600 | G95: =D95*F95 -> 8039865.6
B96: 6 | C96: Balok BA30/50 | D96: =P76 -> 98.176 | E96: m2 | F96: =AHSP!$H$193 -> 238600 | G96: =D96*F96 -> 23424794
B97: 7 | C97: Balok B25/40 | D97: =P79 -> 16.3135 | E97: m2 | F97: =AHSP!$H$193 -> 238600 | G97: =D97*F97 -> 3892401.1
B98: 8 | C98: Balok B20/40 | D98: =P80 -> 2.146 | E98: m2 | F98: =AHSP!$H$193 -> 238600 | G98: =D98*F98 -> 512035.6 | N98: P | O98: L | P98: t | R98: P | S98: L | U98: Area
B99: 9 | C99: Balok B30/45 | D99: =P82 -> 0.88 | E99: m2 | F99: =AHSP!$H$193 -> 238600 | G99: =D99*F99 -> 209968 | M99: Lantai | N99: 20.3 | O99: 54.45 | P99: 0.135 | Q99: Void | R99: 2.625 | S99: 3.55 | T99: =S99*R99 -> 9.31875
B100: B | C100: Pembesian | R100: 3.525 | S100: 1.9 | T100: =S100*R100 -> 6.6975
B101: 1 | C101: Balok B45/65 | D101: =AD70 -> 6791.4097 | E101: kg | F101: =AHSP!$H$67 -> 19300 | G101: =D101*F101 -> 1.3107421e+08
B102: 2 | C102: Balok B40/60 | D102: =AD81 -> 2157.87 | E102: kg | F102: =AHSP!$H$67 -> 19300 | G102: =D102*F102 -> 41646891 | R102: 11.5 | S102: 3.225 | T102: =S102*R102 -> 37.0875
B103: 3 | C103: Balok B35/55 | D103: =AD73 -> 4885.3933 | E103: kg | F103: =AHSP!$H$67 -> 19300 | G103: =D103*F103 -> 94288091 | R103: 3.125 | S103: 1.475 | T103: =S103*R103 -> 4.609375
B104: 4 | C104: Balok BA35/60 | D104: =AD74 -> 2030.08 | E104: kg | F104: =AHSP!$H$67 -> 19300 | G104: =D104*F104 -> 39180544
B105: 5 | C105: Balok B30/50 | D105: =AD75 -> 684.504 | E105: kg | F105: =AHSP!$H$67 -> 19300 | G105: =D105*F105 -> 13210927 | R105: 1.05 | S105: 1.575 | T105: =S105*R105 -> 1.65375 | X105: Sk | Y105: kait | Z105: kait
B106: 6 | C106: Balok BA30/50 | D106: =AD76 -> 1955.3387 | E106: kg | F106: =AHSP!$H$67 -> 19300 | G106: =D106*F106 -> 37738036 | R106: 3.65 | S106: 3.925 | T106: =S106*R106 -> 14.32625 | X106: d10 | Y106: d10 | Z106: d8
...

Sheet AHSP
B3: 1 | C3: Penggalian 1 m3 tanah biasa sedalam 0 s.d. 1 m untuk volume > 2.000 m3 secara Manual | I3: =ROUNDDOWN(G15,-2) -> 52800
B4: No | C4: Uraian | D4: Sat. | E4: Koefisien | F4: Harga Satuan (Rp) | G4: Jumlah Harga (Rp)
B5: A | C5: TENAGA KERJA
B6: 1 | C6: Pekerja | D6: OH | E6: 0.4 | F6: =VLOOKUP(C6,upahbahan,3,FALSE) -> 100000 | G6: =E6*F6 -> 40000
B7: 2 | C7: Mandor | D7: OH | E7: 0.04 | F7: =VLOOKUP(C7,upahbahan,3,FALSE) -> 200000 | G7: =E7*F7 -> 8000
B8: JUMLAH HARGA TENAGA KERJA | G8: =SUM(G6:G7) -> 48000
B9: B | C9: BAHAN
B10: JUMLAH HARGA BAHAN | G10: 0
B11: C | C11: PERALATAN
B12: JUMLAH HARGA ALAT | G12: 0
B13: D | C13: Jumlah (A+B+C) | G13: =G8+G10+G12 -> 48000
B14: E | C14: Biaya Umum dan Keuntungan 10%-15% x D | F14: 0.1 | G14: =G13*F14 -> 4800
B15: F | C15: Harga Satuan Pekerjaan (D+E) | G15: =SUM(G13:G14) -> 52800
B18: 2 | C18: 1 m3 Pemadatan tanah setebal 10 cm menggunakan mesin Stemper kuda semi mekanis | I18: =ROUNDDOWN(G29,-2) -> 24500
B19: No | C19: Uraian | D19: Sat. | E19: Koefisien | F19: Harga Satuan (Rp) | G19: Jumlah Harga (Rp)
B20: A | C20: TENAGA KERJA
B21: JUMLAH HARGA TENAGA KERJA | G21: =SUM(G20) -> 0
B22: B | C22: BAHAN
B23: JUMLAH HARGA BAHAN | G23: =SUM(G22) -> 0
B24: C | C24: PERALATAN
B25: 1 | C25: Stamper Kuda | D25: hari | E25: 0.077 | F25: =VLOOKUP(C25,upahbahan,3,FALSE) -> 290000 | G25: =E25*F25 -> 22330
B26: JUMLAH HARGA ALAT | G26: =SUM(G25) -> 22330
B27: D | C27: Jumlah (A+B+C) | G27: =G21+G23+G26 -> 22330
B28: E | C28: Biaya Umum dan Keuntungan 10% - 15% x D | F28: 0.1 | G28: =G27*F28 -> 2233
B29: F | C29: Harga Satuan Pekerjaan (D+E) | G29: =SUM(G27:G28) -> 24563
B32: 3 | C32: Mengangkut 1 m3 tanah lepas, jarak angkut > 20 m s.d 30 m | I32: =ROUNDDOWN(G44,-2) -> 29900
B33: No | C33: Uraian | D33: Sat. | E33: Koefisien | F33: Harga Satuan (Rp) | G33: Jumlah Harga (Rp)
B34: A | C34: TENAGA KERJA
B35: 1 | C35: Pekerja | D35: OH | E35: 0.2363 | F35: =VLOOKUP(C35,upahbahan,3,FALSE) -> 100000 | G35: =F35*E35 -> 23630
B36: 2 | C36: Mandor | D36: OH | E36: 0.018 | F36: =VLOOKUP(C36,upahbahan,3,FALSE) -> 200000 | G36: =F36*E36 -> 3600
B37: JUMLAH HARGA TENAGA KERJA | G37: =SUM(G35:G36) -> 27230
B38: B | C38: BAHAN
B39: JUMLAH HARGA BAHAN | G39: =SUM(G38) -> 0
B40: C | C40: PERALATAN
B41: JUMLAH HARGA ALAT | G41: =SUM(G40) -> 0
B42: D | C42: Jumlah (A+B+C) | G42: =G37+G39+G41 -> 27230
B43: E | C43: Biaya Umum dan Keuntungan 10% - 15% x D | F43: 0.1 | G43: =G42*F43 -> 2723
B44: F | C44: Harga Satuan Pekerjaan (D+E) | G44: =SUM(G42:G43) -> 29953
B47: 4 | C47: Pemasangan 1 m2 bekisting untuk sloof (3 kali pakai) | H47: =ROUNDDOWN(G64,-2) -> 272100
B48: No | C48: Uraian | D48: Sat. | E48: Koefisien | F48: Harga Satuan (Rp) | G48: Jumlah Harga (Rp)
B49: A | C49: TENAGA KERJA
B50: 1 | C50: Pekerja | D50: OH | E50: 0.52 | F50: =VLOOKUP(C50,upahbahan,3,FALSE) -> 100000 | G50: =E50*F50 -> 52000
B51: 2 | C51: Tukang kayu | D51: OH | E51: 0.26 | F51: =VLOOKUP(C51,upahbahan,3,FALSE) -> 145000 | G51: =E51*F51 -> 37700
B52: 3 | C52: Kepala tukang | D52: OH | E52: 0.026 | F52: =VLOOKUP(C52,upahbahan,3,FALSE) -> 175000 | G52: =E52*F52 -> 4550
B53: 4 | C53: Mandor | D53: OH | E53: 0.009 | F53: =VLOOKUP(C53,upahbahan,3,FALSE) -> 200000 | G53: =E53*F53 -> 1800
B54: JUMLAH HARGA TENAGA KERJA | G54: =SUM(G50:G53) -> 96050
B55: B | C55: BAHAN
B56: 1 | C56: Kayu papan kelas III | D56: buah | E56: 0.018 | F56: =VLOOKUP(C56,upahbahan,3,FALSE) -> 8000000 | G56: =E56*F56 -> 144000
B57: 2 | C57: Paku 4 inch | D57: kg | E57: 0.3 | F57: =VLOOKUP(C57,upahbahan,3,FALSE) -> 19000 | G57: =E57*F57 -> 5700
B58: 3 | C58: Minyak Bekisting | D58: m3 | E58: 0.1 | F58: =VLOOKUP(C58,upahbahan,3,FALSE) -> 16800 | G58: =E58*F58 -> 1680
B59: JUMLAH HARGA BAHAN | G59: =SUM(G56:G58) -> 151380
B60: C | C60: PERALATAN
B61: JUMLAH HARGA ALAT | G61: 0
B62: D | C62: Jumlah (A+B+C) | G62: =G61+G59+G54 -> 247430
B63: E | C63: Biaya Umum dan Keuntungan 10% - 15% x D | F63: 0.1 | G63: =G62*F63 -> 24743
B64: F | C64: Harga Satuan Pekerjaan (D+E) | G64: =SUM(G62:G63) -> 272173
B67: 5 | C67: 1 kg penulangan slab untuk BjTS dia. ≥ 12 mm, cara semi mekanis (untuk bangunan gedung) | H67: =ROUNDDOWN(G85,-2) -> 19300
B68: No | C68: Uraian | D68: Sat. | E68: Koefisien | F68: Harga Satuan (Rp) | G68: Jumlah Harga (Rp)
B69: A | C69: TENAGA KERJA
B70: 1 | C70: Pekerja | D70: OH | E70: 0.0008 | F70: =VLOOKUP(C70,upahbahan,3,FALSE) -> 100000 | G70: =E70*F70 -> 80
B71: 2 | C71: =C33 -> Uraian | D71: OH | E71: 0.0004 | F71: 200000 | G71: =E71*F71 -> 80
B72: 3 | C72: Kepala tukang | D72: OH | E72: 4e-05 | F72: =VLOOKUP(C72,upahbahan,3,FALSE) -> 175000 | G72: =E72*F72 -> 7
B73: 4 | C73: Mandor | D73: OH | E73: 8e-05 | F73: =VLOOKUP(C73,upahbahan,3,FALSE) -> 200000 | G73: =E73*F73 -> 16
B74: JUMLAH HARGA TENAGA KERJA | G74: =SUM(G70:G73) -> 183
B75: B | C75: BAHAN
B76: 1 | C76: Baja Tulangan Sirip (BjTS) diameter >12 mm | D76: kg | E76: 1.02 | F76: =VLOOKUP(C76,upahbahan,3,FALSE) -> 16500 | G76: =E76*F76 -> 16830
B77: 2 | C77: Kawat beton | D77: kg | E77: 0.015 | F77: =VLOOKUP(C77,upahbahan,3,FALSE) -> 18800 | G77: =E77*F77 -> 282
B78: JUMLAH HARGA BAHAN | G78: =SUM(G76:G77) -> 17112
B79: C | C79: PERALATAN
B80: 1 | C80: Cutter baja beton | D80: hari | E80: 0.0002 | F80: =VLOOKUP(C80,upahbahan,3,FALSE) -> 800000 | G80: =E80*F80 -> 160
B81: 2 | C81: Bender baja beton | D81: hari | E81: 0.0002 | F81: =VLOOKUP(C81,upahbahan,3,FALSE) -> 850000 | G81: =E81*F81 -> 170
B82: JUMLAH HARGA ALAT | G82: =SUM(G80:G81) -> 330
B83: D | C83: Jumlah (A+B+C) | G83: =G82+G78+G74 -> 17625
B84: E | C84: Biaya Umum dan Keuntungan 10% - 15% x D | F84: 0.1 | G84: =G83*F84 -> 1762.5
B85: F | C85: Harga Satuan Pekerjaan (D+E) | G85: =SUM(G83:G84) -> 19387.5
B88: 5a | C88: 1 kg penulangan slab untuk BjTS atau BjTS dia. < 12 mm, cara manual (untuk bangunan gedung) | H88: =ROUNDDOWN(G104,-2) -> 18700
B89: No | C89: Uraian | D89: Sat. | E89: Koefisien | F89: Harga Satuan (Rp) | G89: Jumlah Harga (Rp)
B90: A | C90: TENAGA KERJA
B91: 1 | C91: Pekerja | D91: OH | E91: 0.007 | F91: =VLOOKUP(C91,upahbahan,3,FALSE) -> 100000 | G91: =E91*F91 -> 700
B92: 2 | C92: Tukang besi | D92: OH | E92: 0.007 | F92: =VLOOKUP(C92,upahbahan,3,FALSE) -> 145000 | G92: =E92*F92 -> 1015
B93: 3 | C93: Kepala tukang | D93: OH | E93: 0.0007 | F93: =VLOOKUP(C93,upahbahan,3,FALSE) -> 175000 | G93: =E93*F93 -> 122.5
B94: 4 | C94: Mandor | D94: OH | E94: 0.0007 | F94: =VLOOKUP(C94,upahbahan,3,FALSE) -> 200000 | G94: =E94*F94 -> 140
B95: JUMLAH HARGA TENAGA KERJA | G95: =SUM(G91:G94) -> 1977.5
B96: B | C96: BAHAN
B97: 1 | C97: Baja Tulangan Sirip (BjTS) diameter < 12 mm | D97: kg | E97: 1.02 | F97: =VLOOKUP(C97,upahbahan,3,FALSE) -> 14500 | G97: =E97*F97 -> 14790
B98: 2 | C98: Kawat beton | D98: kg | E98: 0.015 | F98: =VLOOKUP(C98,upahbahan,3,FALSE) -> 18800 | G98: =E98*F98 -> 282
B99: JUMLAH HARGA BAHAN | G99: =SUM(G97:G98) -> 15072
B100: C | C100: PERALATAN
B101: JUMLAH HARGA ALAT | G101: 0
B102: D | C102: Jumlah (A+B+C) | G102: =G101+G99+G95 -> 17049.5
B103: E | C103: Biaya Umum dan Keuntungan 10% - 15% x D | F103: 0.1 | G103: =G102*F103 -> 1704.95
B104: F | C104: Harga Satuan Pekerjaan (D+E) | G104: =SUM(G102:G103) -> 18754.45
B107: 6 | C107: 1 m3 beton mutu sedang f'c 25 MPa, slump (100 ± 25) mm, agregat maks 19 mm secara semi mekanis | H107: =ROUNDDOWN(G126,-2) -> 1382600
B108: No | C108: Uraian | D108: Sat. | E108: Koefisien | F108: Harga Satuan (Rp) | G108: Jumlah Harga (Rp)
B109: A | C109: TENAGA KERJA
B110: 1 | C110: Pekerja | D110: OH | E110: 1 | F110: =VLOOKUP(C110,upahbahan,3,FALSE) -> 100000 | G110: =E110*F110 -> 100000
B111: 2 | C111: Tukang batu | D111: OH | E111: 0.25 | F111: =VLOOKUP(C111,upahbahan,3,FALSE) -> 145000 | G111: =E111*F111 -> 36250
B112: 3 | C112: Kepala Tukang | D112: OH | E112: 0.025 | F112: =VLOOKUP(C112,upahbahan,3,FALSE) -> 175000 | G112: =E112*F112 -> 4375
B113: 4 | C113: Mandor | D113: OH | E113: 0.1 | F113: =VLOOKUP(C113,upahbahan,3,FALSE) -> 200000 | G113: =E113*F113 -> 20000
B114: JUMLAH HARGA TENAGA KERJA | G114: =SUM(G110:G113) -> 160625
...
