Workbook
Name TENAGA: #REF!
Name upahbahan: '[1]Upah Bahan'!$F$9:$H$2830

Sheet ANALISA VOLUME
B2: ANALISA VOLUME
B3: RSU. SARI DHARMA
B7: NO | C7: ITEM PEKERJAAN | D7: SAT. | E7: VOLUME | L7: VOLUME
E8: BASEMENT | F8: LT.1 | G8: LT.2 | H8: LT.3 | I8: LT.4 | J8: ROOFTOP | L8: TOTAL
B10: I | C10: PEKERJAAN ARSITEKTUR
B12: 1 | C12: PAS. DINDING BATA :
C13: 1. ARAH HORISONTAL | D13: M | E13: =(53.75+(2+1.2+1.8)+(5.8+1.7+2+3.2+4)+(8.1+2+5.2)+(1+16.75)+(5.7+3.3+4)+(9+4)+(9+6+2.8+9)+(8.5+2.3+3.65+2.3)+(2+2.3+3.65+3.4)+53.75) -> 243.15 | F13: =(53.75+(1.75+2.4+1.35+2)+(7.55+3+3.4+1.3+4.7+1.6+3.15)+(3+1.45+2+4.25+9)+(3.55+4+12.25+2.6)+(6.75+4)+(8+4+11.4)+(4+4+3.25)+(6.175+5.75+1.7+4)+(9+15.25+3.6+5)+(6.2+4+9.35+5.75)+(3.85+2+1.2+1.75+2.6)+53.75) -> 314.375 | G13: =(56.25+(3.5+1.8+5.1+4.87+1.2)+(3+1.8+1.6+4.1+4+1.6+6+5.38)+(56.25-(6.95+1+2))+(4+6.8+18.32+4)+(6.8+13.14+4.1+1.82)+(7+14+17.8)+(3.1+4.7+3+2.3+13.55)+(23.28-4)+56.25) -> 346.46 | H13: =(56.25+(6.75+2.5+2.2+4.5+4.5+1.65+1+3+4.05+1.95+1.95+1.95)+(6.75+6.9+30.15+1.65)+(4.5+4.5+13.5)+(16+13.5)+(27+18.5)+(2+2+2+2+15.66)+56.25) -> 315.11 | I13: =(56.25+(4.6+2.85+(1.65*6))+(2.5+1.65+3.1+4.65+(4.65*5))+(4.95+4.65+(6*5))+(6.5+8.75+2.5)+(9.7+13)+((6*4)+7.58+3.42)+(39.8+8.95)+56.25) -> 328.8 | J13: =(4.5+1.65+(9.15+2.45+1.25+6.7+9.7+2+5+9.7)+(10.3+(1.5*4)+10.3+1.6+10.3)+(20.7+6+2.45+20.7)) -> 140.45
C14: 2. ARAH VERTIKAL | D14: M | E14: =(19.6+19.6+(1.8+3.1+1.5)+(5.9+5.9+1.8)+(5.9+2.8+5.9)+(2+2)+(5.9+4+5.9+5.9)+5.9+(5.9+5.9+5.9+3+3.6+5.9)+2.6+(7.8+3.5+3+5.9)+(3.5+3.5+2.4)+19.6) -> 187.4 | F14: =(19.6+(2.3+7.8+1.9)+(9+4)+(9+5.9)+(3.98+3.98+1.45+8)+(2.45+3.8)+(2.45+2.45+8.05)+(3+3+8.05+4.19)+(5.9+5.9)+(1.6+1.6+5.9+2.3)+(5.9+2+5.9+5.9)+(5.9+7.8)+2.8+(3.6+4+5.9+2)+(5.9+2+2)+(4+7+2.88)+(1.86+10.92)) -> 225.81 | G14: =(19.6+(19.6-(1.9+1.5))+(5.6+3)+(19.6-2.7)+(6+9+(2.5*3))+((5.9*2)+(4.5*2))+(5.9+5.9+2)+(5.9+4.9+4)+((5.9*2)+2+(4.9*2))+(5.9+7.8+(1.8*4))+17.6+19.6+19.6) -> 234.5 | H14: =(19.61+(2.45+2.45+2.45+8.35)+(2.5+5.35+5.9)+(5.9+3+2.15+2.15)+((2.45*4)+(2.15*3))+(5.9+3.6)+(2.45+2.45+5.9)+(5.9+(2.45*4))+(2.75+3.5+2.5+5.9+3.5)+(3.5+5.3)+((4+5.3+5.9)*2)+(2+5.9)+(4.9+5.3+5.9)+((0.4*3)+3.8+2.25+2.25)+19.61) -> 224.97 | I14: =(19.6+(2.3+2.4+1.8+2.4+0.6+3)+(5.9+3.7+5.9+4)+(3.7+4)+(3.7+4)+2.23+(2.3+5.9+2.3+2.14+2.14)+(5.9+4+5.9)+(2.3+5.9)+(5.9+5.9+2.3)+(3.5+2.5+2.3)+(3.5+5.9)+(5.9+5.4+2.3)+(1.89+3+5.9)+(5.9+3+2.3)+(0.6+0.6+1+2.4+5.9)+19.6) -> 205.5 | J14: =(16.3+3.15+4.15+2+2+8+1.6+17.8)+(3.4+3.4)+(7.35+3+3+3+7.35)+(16.45+2.5+1.6+2.5+16.45) -> 125
C15: 3. TINGGI DINDING | D15: M | E15: 3.2 | F15: 3.7 | G15: 4.7 | H15: 3.3 | I15: 3.3 | J15: 2.8
C16: VOL. TOTAL | D16: M2 | E16: =(E13+E14)*E15 -> 1377.76 | F16: =(F13+F14)*F15 -> 1998.6845 | G16: =(G13+G14)*G15 -> 2730.512 | H16: =(H13+H14)*H15 -> 1782.264 | I16: =(I13+I14)*I15 -> 1763.19 | J16: =(J13+J14)*J15 -> 743.26 | L16: =SUM(E16:J16) -> 10395.671
C17: VOL. PASANGAN - LUBANG PINTU JEND | D17: M2
B19: 2 | C19: PEKERJAAN PINTU JENDELA
C20: PINTU P1 | D20: UNIT | E20: 5 | F20: 19 | G20: 23 | H20: 18 | I20: 20 | J20: 4 | L20: =SUM(E20:J20) -> 89 | M20: M2 | N20: =E20*'ANALISA PINTU JENDELA'!$C$6 -> 11.4 | O20: =F20*'ANALISA PINTU JENDELA'!$C$6 -> 43.32 | P20: =G20*'ANALISA PINTU JENDELA'!$C$6 -> 52.44 | Q20: =H20*'ANALISA PINTU JENDELA'!$C$6 -> 41.04 | R20: =I20*'ANALISA PINTU JENDELA'!$C$6 -> 45.6 | S20: =J20*'ANALISA PINTU JENDELA'!$C$6 -> 9.12
C21: PINTU P1KM | D21: UNIT | E21: 5 | L21: =SUM(E21:J21) -> 5 | M21: M2 | N21: =E21*'ANALISA PINTU JENDELA'!$C$6 -> 11.4 | O21: =F21*'ANALISA PINTU JENDELA'!$C$6 -> 0 | P21: =G21*'ANALISA PINTU JENDELA'!$C$6 -> 0 | Q21: =H21*'ANALISA PINTU JENDELA'!$C$6 -> 0 | R21: =I21*'ANALISA PINTU JENDELA'!$C$6 -> 0 | S21: =J21*'ANALISA PINTU JENDELA'!$C$6 -> 0
C22: PINTU P2 | D22: UNIT | E22: 13 | F22: =26+3 -> 29 | G22: 21 | H22: 14 | I22: 8 | J22: 6 | L22: =SUM(E22:J22) -> 91 | M22: M2 | N22: =E22*'ANALISA PINTU JENDELA'!$C$19 -> 31.2 | O22: =F22*'ANALISA PINTU JENDELA'!$C$19 -> 69.6 | P22: =G22*'ANALISA PINTU JENDELA'!$C$19 -> 50.4 | Q22: =H22*'ANALISA PINTU JENDELA'!$C$19 -> 33.6 | R22: =I22*'ANALISA PINTU JENDELA'!$C$19 -> 19.2 | S22: =J22*'ANALISA PINTU JENDELA'!$C$19 -> 14.4
C23: PINTU P3 | D23: UNIT | E23: 4 | F23: 9 | G23: 15 | H23: 13 | I23: 14 | J23: 0 | L23: =SUM(E23:J23) -> 55 | M23: M2 | N23: =E23*'ANALISA PINTU JENDELA'!$C$32 -> 12.48 | O23: =F23*'ANALISA PINTU JENDELA'!$C$32 -> 28.08 | P23: =G23*'ANALISA PINTU JENDELA'!$C$32 -> 46.8 | Q23: =H23*'ANALISA PINTU JENDELA'!$C$32 -> 40.56 | R23: =I23*'ANALISA PINTU JENDELA'!$C$32 -> 43.68 | S23: =J23*'ANALISA PINTU JENDELA'!$C$32 -> 0
C24: PINTU P4 | D24: UNIT | E24: 0 | F24: 1 | G24: 0 | H24: 1 | I24: 0 | J24: 4 | L24: =SUM(E24:J24) -> 6 | M24: M2 | N24: =E24*'ANALISA PINTU JENDELA'!$C$59 -> 0 | O24: =F24*'ANALISA PINTU JENDELA'!$C$59 -> 4.08 | P24: =G24*'ANALISA PINTU JENDELA'!$C$59 -> 0 | Q24: =H24*'ANALISA PINTU JENDELA'!$C$59 -> 4.08 | R24: =I24*'ANALISA PINTU JENDELA'!$C$59 -> 0 | S24: =J24*'ANALISA PINTU JENDELA'!$C$59 -> 16.32
C25: PINTU P5 | D25: UNIT | E25: 0 | F25: 0 | G25: 5 | H25: 0 | I25: 0 | J25: 0 | L25: =SUM(E25:J25) -> 5 | M25: M2 | N25: =E25*'ANALISA PINTU JENDELA'!$C$70 -> 0 | O25: =F25*'ANALISA PINTU JENDELA'!$C$70 -> 0 | P25: =G25*'ANALISA PINTU JENDELA'!$C$70 -> 19.2 | Q25: =H25*'ANALISA PINTU JENDELA'!$C$70 -> 0 | R25: =I25*'ANALISA PINTU JENDELA'!$C$70 -> 0 | S25: =J25*'ANALISA PINTU JENDELA'!$C$70 -> 0
C26: PINTU P6 | D26: UNIT | E26: 0 | F26: 0 | G26: 1 | H26: 0 | I26: 0 | J26: 0 | L26: =SUM(E26:J26) -> 1 | M26: M2 | N26: =E26*'ANALISA PINTU JENDELA'!$C$97 -> 0 | O26: =F26*'ANALISA PINTU JENDELA'!$C$97 -> 0 | P26: =G26*'ANALISA PINTU JENDELA'!$C$97 -> 2.28 | Q26: =H26*'ANALISA PINTU JENDELA'!$C$97 -> 0 | R26: =I26*'ANALISA PINTU JENDELA'!$C$97 -> 0 | S26: =J26*'ANALISA PINTU JENDELA'!$C$97 -> 0
C27: PINTU P7 | D27: UNIT | E27: 2 | F27: 0 | G27: 0 | H27: 0 | I27: 0 | J27: 0 | L27: =SUM(E27:J27) -> 2 | M27: M2 | N27: =E27*'ANALISA PINTU JENDELA'!$C$110 -> 4.8 | O27: =F27*'ANALISA PINTU JENDELA'!$C$110 -> 0 | P27: =G27*'ANALISA PINTU JENDELA'!$C$110 -> 0 | Q27: =H27*'ANALISA PINTU JENDELA'!$C$110 -> 0 | R27: =I27*'ANALISA PINTU JENDELA'!$C$110 -> 0 | S27: =J27*'ANALISA PINTU JENDELA'!$C$110 -> 0
C28: PINTU PJ1 | D28: UNIT | E28: 0 | F28: 1 | G28: 0 | H28: 0 | I28: 0 | J28: 0 | L28: =SUM(E28:J28) -> 1 | M28: M2 | N28: =E28*'ANALISA PINTU JENDELA'!$K$6 -> 0 | O28: =F28*'ANALISA PINTU JENDELA'!$K$6 -> 8.568 | P28: =G28*'ANALISA PINTU JENDELA'!$K$6 -> 0 | Q28: =H28*'ANALISA PINTU JENDELA'!$K$6 -> 0 | R28: =I28*'ANALISA PINTU JENDELA'!$K$6 -> 0 | S28: =J28*'ANALISA PINTU JENDELA'!$K$6 -> 0
L29: =SUM(E29:J29) -> 0
C30: JENDELA J1 | D30: UNIT | E30: 0 | F30: 13 | G30: 8 | H30: 3 | I30: 9 | J30: 0 | L30: =SUM(E30:J30) -> 33 | M30: M2 | N30: =E30*'ANALISA PINTU JENDELA'!$K$19 -> 0 | O30: =F30*'ANALISA PINTU JENDELA'!$K$19 -> 23.92 | P30: =G30*'ANALISA PINTU JENDELA'!$K$19 -> 14.72 | Q30: =H30*'ANALISA PINTU JENDELA'!$K$19 -> 5.52 | R30: =I30*'ANALISA PINTU JENDELA'!$K$19 -> 16.56 | S30: =J30*'ANALISA PINTU JENDELA'!$K$19 -> 0
C31: JENDELA J1A | D31: UNIT | E31: 12 | J31: 0 | L31: =SUM(E31:J31) -> 12 | M31: M2 | N31: =E31*'ANALISA PINTU JENDELA'!$K$32 -> 16.56 | O31: =F31*'ANALISA PINTU JENDELA'!$K$32 -> 0 | P31: =G31*'ANALISA PINTU JENDELA'!$K$32 -> 0 | Q31: =H31*'ANALISA PINTU JENDELA'!$K$32 -> 0 | R31: =I31*'ANALISA PINTU JENDELA'!$K$32 -> 0 | S31: =J31*'ANALISA PINTU JENDELA'!$K$32 -> 0
C32: JENDELA J2 | D32: UNIT | E32: 0 | F32: 2 | G32: 2 | H32: 12 | I32: 12 | J32: 0 | L32: =SUM(E32:J32) -> 28 | M32: M2 | N32: =E32*'ANALISA PINTU JENDELA'!$K$45 -> 0 | O32: =F32*'ANALISA PINTU JENDELA'!$K$45 -> 6.88 | P32: =G32*'ANALISA PINTU JENDELA'!$K$45 -> 6.88 | Q32: =H32*'ANALISA PINTU JENDELA'!$K$45 -> 41.28 | R32: =I32*'ANALISA PINTU JENDELA'!$K$45 -> 41.28 | S32: =J32*'ANALISA PINTU JENDELA'!$K$45 -> 0
C33: JENDELA J2A | D33: UNIT | E33: 1 | J33: 0 | L33: =SUM(E33:J33) -> 1 | M33: M2 | N33: =E33*'ANALISA PINTU JENDELA'!K59 -> 2.58
C34: JENDELA J3 | D34: UNIT | E34: 0 | F34: 2 | G34: 4 | H34: 2 | I34: 2 | J34: 0 | L34: =SUM(E34:J34) -> 10 | M34: M2 | N34: =E34*'ANALISA PINTU JENDELA'!$K$84 -> 0 | O34: =F34*'ANALISA PINTU JENDELA'!$K$84 -> 40.8 | P34: =G34*'ANALISA PINTU JENDELA'!$K$84 -> 81.6 | Q34: =H34*'ANALISA PINTU JENDELA'!$K$84 -> 40.8 | R34: =I34*'ANALISA PINTU JENDELA'!$K$84 -> 40.8 | S34: =J34*'ANALISA PINTU JENDELA'!$K$84 -> 0
C35: JENDELA J4 | D35: UNIT | E35: 0 | F35: 0 | G35: 2 | H35: 0 | I35: 0 | J35: 0 | L35: =SUM(E35:J35) -> 2 | M35: M2 | N35: =E35*'ANALISA PINTU JENDELA'!$K$95 -> 0 | O35: =F35*'ANALISA PINTU JENDELA'!$K$95 -> 0 | P35: =G35*'ANALISA PINTU JENDELA'!$K$95 -> 7.95 | Q35: =H35*'ANALISA PINTU JENDELA'!$K$95 -> 0 | R35: =I35*'ANALISA PINTU JENDELA'!$K$95 -> 0 | S35: =J35*'ANALISA PINTU JENDELA'!$K$95 -> 0
C36: JENDELA J5 | D36: UNIT | E36: 0 | F36: 0 | G36: 1 | H36: 0 | I36: 0 | J36: 0 | L36: =SUM(E36:J36) -> 1 | M36: M2 | N36: =E36*'ANALISA PINTU JENDELA'!$K$105 -> 0 | O36: =F36*'ANALISA PINTU JENDELA'!$K$105 -> 0 | P36: =G36*'ANALISA PINTU JENDELA'!$K$105 -> 7.8175 | Q36: =H36*'ANALISA PINTU JENDELA'!$K$105 -> 0 | R36: =I36*'ANALISA PINTU JENDELA'!$K$105 -> 0 | S36: =J36*'ANALISA PINTU JENDELA'!$K$105 -> 0
C37: JENDELA J6 | D37: UNIT | E37: 0 | F37: 0 | G37: 0 | H37: 0 | I37: 1 | J37: 0 | L37: =SUM(E37:J37) -> 1 | M37: M2 | N37: =E37*'ANALISA PINTU JENDELA'!$K$32 -> 0
C38: LOKET L1 | D38: UNIT | E38: 2 | F38: 0 | G38: 0 | H38: 0 | J38: 0 | L38: =SUM(E38:J38) -> 2 | M38: M2 | N38: =E38*'ANALISA PINTU JENDELA'!K115 -> 2.34
C39: LOKET L2 | D39: UNIT | E39: 1 | F39: 0 | G39: 0 | H39: 0 | J39: 0 | L39: =SUM(E39:J39) -> 1 | M39: M2 | N39: =E39*'ANALISA PINTU JENDELA'!K122 -> 1.75
M40: M2 | N40: =SUM(N20:N39) -> 94.51 | O40: =SUM(O20:O39) -> 225.248 | P40: =SUM(P20:P39) -> 290.0875 | Q40: =SUM(Q20:Q39) -> 206.88 | R40: =SUM(R20:R39) -> 207.12 | S40: =SUM(S20:S39) -> 39.84
B47: 3 | C47: LUASAN RUANG :
C48: BASEMENT | D48: M2 | E48: =53.75*19.6 -> 1053.5
C49: 1. MUSHOLA, KOPERASI, FARMASI | D49: M2 | E49: =(9*7.8)-(4*5.9) -> 46.6 | G49: TOILET B | J49: KL | L49: KD
C50: R. KARYAWAN,TOILET, R POMPA | G50: T1 | H50: 1.65 | I50: 1.45 | J50: =H50*I50 -> 2.3925 | L50: =((H50+I50)*2*2.8)-(1*2.4) -> 14.96 | M50: M2
C51: 2. R. CSSD | D51: M2 | E51: =8.5*5.9 -> 50.15 | G51: T2 | H51: 1.65 | I51: 1.45 | J51: =H51*I51 -> 2.3925 | L51: =((H51+I51)*2*2.8)-(1*2.4) -> 14.96 | M51: M2
C52: 3. GDG STORE | D52: M2 | E52: =2.8*5.8 -> 16.24 | G52: T3 | H52: 1 | I52: 1.85 | J52: =H52*I52 -> 1.85 | L52: =((H52+I52)*2*2.8)-(1*2.4) -> 13.56 | M52: M2
C53: 4. POS JAGA | D53: M2 | E53: =2*3.5 -> 7 | G53: T4 | H53: 1.65 | I53: 2 | J53: =H53*I53 -> 3.3 | L53: =((H53+I53)*2*2.8)-(1*2.4) -> 18.04 | M53: M2
C54: 5. R. PIE | D54: M2 | E54: =5*5.9 -> 29.5 | G54: T5 | H54: 1 | I54: 1.85 | J54: =H54*I54 -> 1.85 | L54: =((H54+I54)*2*2.8)-(1*2.4) -> 13.56 | M54: M2
C55: 6. IPAL | D55: M2 | E55: =6.55*5.9 -> 38.645 | G55: T6 | H55: 1.45 | I55: 2.15 | J55: =H55*I55 -> 3.1175 | L55: =((H55+I55)*2*2.8)-(1*2.4) -> 17.76 | M55: M2
C56: 7. TPS | D56: M2 | E56: =2*5.9 -> 11.8 | G56: T7 | H56: 1.7 | I56: 1.8 | J56: =H56*I56 -> 3.06 | L56: =((H56+I56)*2*2.8)-(1*2.4) -> 17.2 | M56: M2
C57: 8. GDG UMUM,PSRS,TG,TOILET,JENASAH | D57: M2 | E57: =4*19.6 -> 78.4 | G57: T8 | H57: 1.5 | I57: 2.67 | J57: =H57*I57 -> 4.005 | L57: =((H57+I57)*2*2.8)-(1*2.4) -> 20.952 | M57: M2
C58: 9. LAUNDRY | D58: M2 | E58: =5.9*13.15 -> 77.585 | G58: T9 | H58: 1.8 | I58: 4.65 | J58: =H58*I58 -> 8.37 | L58: =((H58+I58)*2*2.8)-(1*2.4) -> 33.72 | M58: M2
C59: 10. PARKIR MOTOR | D59: M2 | E59: =8.5*6 -> 51 | J59: =SUM(J50:J58) -> 30.3375 | L59: =SUM(L50:L58) -> 164.712 | M59: M2
C60: 11. DROP OFF | D60: M2 | E60: =5*7.8 -> 39
C61: 12. PARKIR MOBIL | D61: M2 | E61: =13*6 -> 78
C62: VOL. RUANG TOTAL | D62: M2 | E62: =SUM(E49:E58) -> 355.92
C63: VOL. SIRKULASI | D63: M2 | E63: =E48-E62 -> 697.58
C65: LANTAI 1 | E65: M2 | F65: =53.75*19.6 -> 1053.5
C66: 1. RUANG TUNGGU | H66: TOILET 1 | L66: KL | M66: KD
C67: LOBBY | E67: M2 | F67: =(9*7.8)+(2.85*3.78) -> 80.973 | H67: T1 | I67: 1.9 | J67: 3.8 | L67: =I67*J67 -> 7.22 | M67: =((I67+J67)*2*2.8)-(1*2.4) -> 29.52 | N67: M2
C68: SERVER | E68: M2 | F68: =2*3.9 -> 7.8 | H68: T2 | I68: 1.2 | J68: 1.6 | L68: =I68*J68 -> 1.92 | M68: =((I68+J68)*2*2.8)-(1*2.4) -> 13.28 | N68: M2
C69: H&K | E69: M2 | F69: =2.8*2.8 -> 7.84 | H69: T3 | I69: 1.75 | J69: 2.65 | L69: =I69*J69 -> 4.6375 | M69: =((I69+J69)*2*2.8)-(1*2.4) -> 22.24 | N69: M2
C70: FARMASI | E70: M2 | F70: =4.5*6.73 -> 30.285 | H70: T4 | I70: 1.15 | J70: 1.62 | L70: =I70*J70 -> 1.863 | M70: =((I70+J70)*2*2.8)-(1*2.4) -> 13.112 | N70: M2
C71: 2. RADIOLOGI | E71: M2 | F71: =5.9*7 -> 41.3 | H71: T5 | I71: 1.1 | J71: 1.5 | L71: =I71*J71 -> 1.65 | M71: =((I71+J71)*2*2.8)-(1*2.4) -> 12.16 | N71: M2
C72: 3. LABORATORIUM | E72: M2 | F72: =5.9*7.65 -> 45.135 | H72: T6 | I72: 1.1 | J72: 1.85 | L72: =I72*J72 -> 2.035 | M72: =((I72+J72)*2*2.8)-(1*2.4) -> 14.12 | N72: M2
C73: 4. GDG ALAT | E73: M2 | F73: =3.65*2 -> 7.3 | H73: T7 | I73: 2.25 | J73: 1.65 | L73: =I73*J73 -> 3.7125 | M73: =((I73+J73)*2*2.8)-(1*2.4) -> 19.44 | N73: M2
C74: 5. TOILET | E74: M2 | F74: =5.75*3.5 -> 20.125 | H74: T8 | I74: 1.2 | J74: 1.56 | L74: =I74*J74 -> 1.872 | M74: =((I74+J74)*2*2.8)-(1*2.4) -> 13.056 | N74: M2
C75: 6. UGD : | H75: T9 | I75: 1.35 | J75: 2.15 | L75: =I75*J75 -> 2.9025 | M75: =((I75+J75)*2*2.8)-(1*2.4) -> 17.2 | N75: M2
C76: R. UTAMA | E76: M2 | F76: =27*5.9 -> 159.3 | H76: T10 | I76: 1.48 | J76: 2.15 | L76: =I76*J76 -> 3.182 | M76: =((I76+J76)*2*2.8)-(1*2.4) -> 17.928 | N76: M2
C77: R. JAGA | E77: M2 | F77: =(3.8*4.8)+(2*2.5) -> 23.24 | H77: T11 | I77: 1.36 | J77: 2 | L77: =I77*J77 -> 2.72 | M77: =((I77+J77)*2*2.8)-(1*2.4) -> 16.416 | N77: M2
C78: 7. TOILET | E78: M2 | F78: =(6*5.9) -> 35.4 | H78: T12 | I78: 1.2 | J78: 1.5 | L78: =I78*J78 -> 1.8 | M78: =((I78+J78)*2*2.8)-(1*2.4) -> 12.72 | N78: M2
C79: 8. POLI JANTUNG | E79: M2 | F79: =(8*11.5) -> 92 | H79: T13 | I79: 1.55 | J79: 2.15 | L79: =I79*J79 -> 3.3325 | M79: =((I79+J79)*2*2.8)-(1*2.4) -> 18.32 | N79: M2
C80: 9. POLIKLINIK | E80: M2 | F80: =(9*19.6)+(3.35*13.8) -> 222.63 | H80: T14 | I80: 1.55 | J80: 1.45 | L80: =I80*J80 -> 2.2475 | M80: =((I80+J80)*2*2.8)-(1*2.4) -> 14.4 | N80: M2
C81: VOL. RUANG TOTAL | E81: M2 | F81: =SUM(F67:F80) -> 773.328 | L81: =SUM(L67:L80) -> 41.0945 | M81: =SUM(M67:M80) -> 233.912 | N81: M2
C82: VOL. SIRKULASI + VOID | E82: M2 | F82: =F65-F81 -> 280.172
C84: KORIDOR | E84: M2 | F84: =2.4*(24.25+12.25+7.8+6+6) -> 135.12 | I84: TOILET 2 | M84: KL | N84: KD
I85: T1 | J85: 1.6 | L85: 2.35 | M85: =J85*L85 -> 3.76 | N85: =((J85+L85)*2*2.8)-(1*2.4) -> 19.72 | O85: M2
C86: LANTAI 2 | F86: M2 | G86: =56.25*19.6 -> 1102.5 | I86: T2 | J86: 1.6 | L86: 1.4 | M86: =J86*L86 -> 2.24 | N86: =((J86+L86)*2*2.8)-(1*2.4) -> 14.4 | O86: M2
C87: 1. RUANG OK | F87: M2 | G87: 379.92 | I87: T3 | J87: 1 | L87: 1.45 | M87: =J87*L87 -> 1.45 | N87: =((J87+L87)*2*2.8)-(1*2.4) -> 11.32 | O87: M2
C88: 2. RUANG KEBIDANAN | F88: M2 | G88: 94.4 | I88: T4 | J88: 1.35 | L88: 1.75 | M88: =J88*L88 -> 2.3625 | N88: =((J88+L88)*2*2.8)-(1*2.4) -> 14.96 | O88: M2
C89: 3. RUANG ICU | F89: M2 | G89: 140.41 | I89: T5 | J89: 1 | L89: 1.69 | M89: =J89*L89 -> 1.69 | N89: =((J89+L89)*2*2.8)-(1*2.4) -> 12.664 | O89: M2
C90: 4. POLIKLINIK | F90: M2 | G90: 175.06 | I90: T6 | J90: 1.55 | L90: 2.3 | M90: =J90*L90 -> 3.565 | N90: =((J90+L90)*2*2.8)-(1*2.4) -> 19.16 | O90: M2
I91: T7 | J91: 1.55 | L91: 1.3 | M91: =J91*L91 -> 2.015 | N91: =((J91+L91)*2*2.8)-(1*2.4) -> 13.56 | O91: M2
C92: VOL. RUANG TOTAL | F92: M2 | G92: =SUM(G87:G90) -> 789.79 | I92: T8 | J92: 1.35 | L92: 1.85 | M92: =J92*L92 -> 2.4975 | N92: =((J92+L92)*2*2.8)-(1*2.4) -> 15.52 | O92: M2
C93: VOL. SIRKULASI + VOID | F93: M2 | G93: =G86-G92 -> 312.71 | I93: T9 | J93: 1.35 | L93: 1.7 | M93: =J93*L93 -> 2.295 | N93: =((J93+L93)*2*2.8)-(1*2.4) -> 14.68 | O93: M2
I94: T10 | J94: 1.63 | L94: 2.75 | M94: =J94*L94 -> 4.4825 | N94: =((J94+L94)*2*2.8)-(1*2.4) -> 22.128 | O94: M2
I95: T11 | J95: 1 | L95: 1.6 | M95: =J95*L95 -> 1.6 | N95: =((J95+L95)*2*2.8)-(1*2.4) -> 12.16 | O95: M2
C96: LANTAI 3 | G96: M2 | H96: =56.25*19.6 -> 1102.5 | M96: =SUM(M85:M95) -> 27.9575 | N96: =SUM(N85:N95) -> 170.272 | O96: M2
C97: 1. R. DAPUR | G97: M2 | H97: =91.6+8.28 -> 99.88
C98: 2. R. INST. GIZI | G98: M2 | H98: 23.28 | J98: TOILET 3 | N98: KL | O98: KD
C99: 3. CAFETARIA | G99: M2 | H99: 36.97 | J99: T1 | L99: 1.42 | M99: 1.85 | N99: =L99*M99 -> 2.627 | O99: =((L99+M99)*2*2.8)-(1*2.4) -> 15.912 | P99: M2
C100: 4. RUANG RANAP STANDAR | G100: M2 | H100: =((30.2*5.9)+(4.6*2.3)+(38.75*5.9)+(2.5*4.37)) -> 428.31 | J100: T2 | L100: 1.1 | M100: 1.97 | N100: =L100*M100 -> 2.167 | O100: =((L100+M100)*2*2.8)-(1*2.4) -> 14.792 | P100: M2
C101: 5. RUANG RANAP ISOLASI | G101: M2 | H101: =(10.65*11.21)+(2.45*3) -> 126.7365 | J101: T3 | L101: 2 | M101: 3.65 | N101: =L101*M101 -> 7.3 | O101: =((L101+M101)*2*2.8)-(1*2.4) -> 29.24 | P101: M2
C102: 6. R. TINDAKAN | G102: M2 | H102: =4.66*3 -> 13.98 | J102: T4 (10) | L102: 1.7 | M102: 2.1 | N102: =(L102*M102)*10 -> 35.7 | O102: =(((L102+M102)*2*2.8)-(1*2.4))*10 -> 188.8 | P102: M2
C103: 7. TOILET, NURSE ST, SPOELHOOK | G103: M2 | H103: 19.37 | J103: T5 | L103: 2.1 | M103: 2.6 | N103: =L103*M103 -> 5.46 | O103: =((L103+M103)*2*2.8)-(1*2.4) -> 23.92 | P103: M2
C104: 8. R. KEPALA, NURSE ST, GUDANG,TOILET | G104: M2 | H104: 43.42 | J104: T6 | L104: 1.45 | M104: 2.15 | N104: =L104*M104 -> 3.1175 | O104: =((L104+M104)*2*2.8)-(1*2.4) -> 17.76 | P104: M2
J105: T7 | L105: 1.45 | M105: 2.15 | N105: =L105*M105 -> 3.1175 | O105: =((L105+M105)*2*2.8)-(1*2.4) -> 17.76 | P105: M2
N106: =SUM(N99:N105) -> 59.489 | O106: =SUM(O99:O105) -> 308.184 | P106: M2
C107: VOL. RUANG TOTAL | G107: M2 | H107: =SUM(H97:H104) -> 791.9465
C108: VOL. SIRKULASI + VOID | G108: M2 | H108: =H96-H107 -> 310.5535
C110: KORIDOR | G110: M2 | H110: =2.4*(3.9+12.85+5.39+36+41+5.75) -> 251.736
C112: LANTAI 4 | H112: M2 | I112: =56.25*19.6 -> 1102.5
L113: TOILET 4 | O113: KL | P113: KD
C114: 1. HEMODIALISA | H114: M2 | I114: 208.05 | L114: T1 | M114: 1.5 | N114: 2.25 | O114: =M114*N114 -> 3.375 | P114: =((M114+N114)*2*2.8)-(1*2.4) -> 18.6 | Q114: M2
C115: 2. RUANG VIP | H115: M2 | I115: =38.12*10 -> 381.2 | L115: T2 (11) | M115: 1.45 | N115: 2.27 | O115: =(M115*N115)*11 -> 36.2065 | P115: =(((M115+N115)*2*2.8)-(1*2.4))*11 -> 202.752 | Q115: M2
C116: 3. PRESIDENT SUITE | H116: M2 | I116: 67.39 | L116: T3 | M116: 2.1 | N116: 2.6 | O116: =M116*N116 -> 5.46 | P116: =((M116+N116)*2*2.8)-(1*2.4) -> 23.92 | Q116: M2
C117: 4. TOILET, NURSE, SPOELHOEK | H117: M2 | I117: =2.3*7.6 -> 17.48 | L117: T4 | M117: 2 | N117: 2.1 | O117: =M117*N117 -> 4.2 | P117: =((M117+N117)*2*2.8)-(1*2.4) -> 20.56 | Q117: M2
...

Sheet ANALISA PINTU JENDELA
B2: ANALISA
B3: KUSEN PINTU - JENDELA
B6: PINTU P1 | C6: =0.95*2.4 -> 2.28 | D6: M2 | J6: PINTU PJ1 | K6: =3.57*2.4 -> 8.568 | L6: M2
B7: ( DIM. 95x240 ) | D7: UPVC SWING | J7: ( DIM. 357x240 ) | L7: UPVC KACA SWING
B10: KUSEN | C10: =(2.4+2.4)+0.95 -> 5.75 | D10: M' | E10: =AHS!H322 -> 183500 | F10: =C10*E10 -> 1055125 | J10: KUSEN | K10: =(3.57+1+1)+(2.4+2.4+2.25+2.25) -> 14.87 | L10: M' | M10: =AHS!$H$322 -> 183500 | N10: =K10*M10 -> 2728645
B11: DAUN PINTU | C11: =0.85*2.35 -> 1.9975 | D11: M2 | E11: =AHS!H266 -> 1525200 | F11: =C11*E11 -> 3046587 | J11: DAUN PINTU KACA | K11: =(0.75*2.35)*2 -> 3.525 | L11: M2 | M11: ='HRG BAHAN'!E62 -> 600000 | N11: =K11*M11 -> 2115000
B12: ENGSEL 4" | C12: 2 | D12: SET | E12: =AHS!H361 -> 67100 | F12: =C12*E12 -> 134200 | J12: KACA MATI | K12: =(0.9*2.15)*2 -> 3.87 | L12: M2 | M12: ='HRG BAHAN'!E60 -> 226400 | N12: =K12*M12 -> 876168
B13: TARIKAN & KUNCI | C13: 1 | D13: UNIT | E13: =AHS!G394 -> 328497.5 | F13: =C13*E13 -> 328497.5 | J13: FLOOR HINGE | K13: 2 | L13: SET | M13: ='HRG BAHAN'!E15 -> 500000 | N13: =K13*M13 -> 1000000
B14: INSTALL | C14: 1 | D14: LS | E14: 150000 | F14: =C14*E14 -> 150000 | J14: HANDLE | K14: 2 | L14: SET | M14: ='HRG BAHAN'!E30 -> 290800 | N14: =K14*M14 -> 581600
E15: TOTAL | F15: =SUM(F10:F14) -> 4714409.5 | J15: INSTALL | K15: 2 | L15: LS | M15: 200000 | N15: =K15*M15 -> 400000
E16: HARGA | F16: =F15*1.15 -> 5421570.9 | M16: TOTAL | N16: =SUM(N10:N15) -> 7701413
M17: HARGA | N17: =N16*1.15 -> 8856624.9
B19: PINTU P2 | C19: =1*2.4 -> 2.4 | D19: M2 | J19: JENDELA J1 | K19: =1.15*1.6 -> 1.84 | L19: M2
B20: ( DIM. 100x240 ) | D20: UPVC SWING | J20: ( DIM. 1,15x1,6 ) | L20: UPVC SWING
B22: KUSEN | C22: =(2.4+2.4)+1 -> 5.8 | D22: M' | E22: =AHS!$H$322 -> 183500 | F22: =C22*E22 -> 1064300 | J22: KUSEN | K22: =(1.15*2)+(1.6*3) -> 7.1 | L22: M' | M22: =AHS!$H$322 -> 183500 | N22: =K22*M22 -> 1302850
B23: DAUN PINTU | C23: =0.9*2.35 -> 2.115 | D23: M2 | E23: =AHS!$H$266 -> 1525200 | F23: =C23*E23 -> 3225798 | J23: DAUN JENDELA KACA | K23: =2*(0.5*1.5) -> 1.5 | L23: M2 | M23: =AHS!$L$304 -> 1747558.5 | N23: =K23*M23 -> 2621337.8
B24: ENGSEL 4" | C24: 2 | D24: SET | E24: =AHS!$H$361 -> 67100 | F24: =C24*E24 -> 134200 | J24: ENGSEL 3" | K24: 2 | L24: SET | M24: ='HRG BAHAN'!$E$10 -> 18900 | N24: =K24*M24 -> 37800
B25: TARIKAN & KUNCI | C25: 1 | D25: UNIT | E25: =AHS!$G$394 -> 328497.5 | F25: =C25*E25 -> 328497.5 | J25: GERENDEL | K25: 2 | L25: BH | M25: ='HRG BAHAN'!$E$16 -> 32600 | N25: =K25*M25 -> 65200
B26: INSTALL | C26: 1 | D26: LS | E26: 150000 | F26: =C26*E26 -> 150000 | J26: KAIT ANGIN | K26: 2 | L26: SET | M26: ='HRG BAHAN'!$E$21 -> 12000 | N26: =K26*M26 -> 24000
E27: TOTAL | F27: =SUM(F22:F26) -> 4902795.5 | J27: INSTALL | K27: 2 | L27: LS | M27: 125000 | N27: =K27*M27 -> 250000
E28: HARGA | F28: =F27*1.15 -> 5638214.8 | M28: TOTAL | N28: =SUM(N22:N27) -> 4301187.8
M29: HARGA | N29: =N28*1.15 -> 4946366
B32: PINTU P3 | C32: =1.3*2.4 -> 3.12 | D32: M2 | J32: JENDELA J1A | K32: =1.15*1.2 -> 1.38 | L32: M2
B33: ( DIM. 130x240 ) | D33: UPVC DOUBLESWING | J33: ( DIM. 1,15x1,2 ) | L33: UPVC SWING
B35: KUSEN | C35: =(2.4+2.4)+1.3 -> 6.1 | D35: M' | E35: =AHS!$H$322 -> 183500 | F35: =C35*E35 -> 1119350 | J35: KUSEN | K35: =(1.15*2)+(1.2*3) -> 5.9 | L35: M' | M35: =AHS!$H$322 -> 183500 | N35: =K35*M35 -> 1082650
B36: DAUN PINTU | C36: =(0.4*2.35)+(0.8*2.35) -> 2.82 | D36: M2 | E36: =AHS!$H$266 -> 1525200 | F36: =C36*E36 -> 4301064 | J36: DAUN JENDELA KACA | K36: =2*(0.5*1.1) -> 1.1 | L36: M2 | M36: =AHS!$L$304 -> 1747558.5 | N36: =K36*M36 -> 1922314.4
B37: ENGSEL 4" | C37: 3 | D37: SET | E37: =AHS!$H$361 -> 67100 | F37: =C37*E37 -> 201300 | J37: ENGSEL 3" | K37: 2 | L37: SET | M37: ='HRG BAHAN'!$E$10 -> 18900 | N37: =K37*M37 -> 37800
B38: TARIKAN & KUNCI | C38: 1 | D38: UNIT | E38: =AHS!$G$394 -> 328497.5 | F38: =C38*E38 -> 328497.5 | J38: GERENDEL | K38: 2 | L38: BH | M38: ='HRG BAHAN'!$E$16 -> 32600 | N38: =K38*M38 -> 65200
B39: INSTALL | C39: 2 | D39: LS | E39: 150000 | F39: =C39*E39 -> 300000 | J39: KAIT ANGIN | K39: 2 | L39: SET | M39: ='HRG BAHAN'!$E$21 -> 12000 | N39: =K39*M39 -> 24000
E40: TOTAL | F40: =SUM(F35:F39) -> 6250211.5 | J40: INSTALL | K40: 2 | L40: LS | M40: 125000 | N40: =K40*M40 -> 250000
E41: HARGA | F41: =F40*1.15 -> 7187743.2 | M41: TOTAL | N41: =SUM(N35:N40) -> 3381964.4
M42: HARGA | N42: =N41*1.15 -> 3889259
B45: PINTU P3A | C45: =1.7*2.4 -> 4.08 | D45: M2 | J45: JENDELA J2 | K45: =2.15*1.6 -> 3.44 | L45: M2
B46: ( DIM. 170x240 ) | D46: UPVC DOUBLESWING | J46: ( DIM. 2,15x1,6 ) | L46: UPVC SWING
B48: KUSEN | C48: =(2.4+2.4)+1.7 -> 6.5 | D48: M' | E48: =AHS!$H$322 -> 183500 | F48: =C48*E48 -> 1192750 | J48: KUSEN | K48: =(2.15*2)+(1.6*4) -> 10.7 | L48: M' | M48: =AHS!$H$322 -> 183500 | N48: =K48*M48 -> 1963450
B49: DAUN PINTU | C49: =2*(0.8*2.35) -> 3.76 | D49: M2 | E49: =AHS!$H$266 -> 1525200 | F49: =C49*E49 -> 5734752 | J49: DAUN JENDELA KACA | K49: =2*(0.5*1.5) -> 1.5 | L49: M2 | M49: =AHS!$L$304 -> 1747558.5 | N49: =K49*M49 -> 2621337.8
B50: ENGSEL 4" | C50: 3 | D50: SET | E50: =AHS!$H$361 -> 67100 | F50: =C50*E50 -> 201300 | J50: KACA MATI | K50: =(0.9*1.5) -> 1.35 | L50: M2 | M50: ='HRG BAHAN'!E59 -> 237000 | N50: =K50*M50 -> 319950
B51: TARIKAN & KUNCI | C51: 1 | D51: UNIT | E51: =AHS!$G$394 -> 328497.5 | F51: =C51*E51 -> 328497.5 | J51: ENGSEL 3" | K51: 2 | L51: SET | M51: ='HRG BAHAN'!$E$10 -> 18900 | N51: =K51*M51 -> 37800
B52: INSTALL | C52: 2 | D52: LS | E52: 150000 | F52: =C52*E52 -> 300000 | J52: GERENDEL | K52: 2 | L52: BH | M52: ='HRG BAHAN'!$E$16 -> 32600 | N52: =K52*M52 -> 65200
E53: TOTAL | F53: =SUM(F48:F52) -> 7757299.5 | J53: KAIT ANGIN | K53: 2 | L53: SET | M53: ='HRG BAHAN'!$E$21 -> 12000 | N53: =K53*M53 -> 24000
E54: HARGA | F54: =F53*1.15 -> 8920894.4 | J54: INSTALL | K54: 2 | L54: LS | M54: 125000 | N54: =K54*M54 -> 250000
M55: TOTAL | N55: =SUM(N49:N54) -> 3318287.8
M56: HARGA | N56: =N55*1.15 -> 3816031
B59: PINTU P4 | C59: =1.7*2.4 -> 4.08 | D59: M2 | J59: JENDELA J2A | K59: =2.15*1.2 -> 2.58 | L59: M2
B60: ( DIM. 170x240 ) | D60: UPVC DOUBLESWING | J60: ( DIM. 2,15x1,2 ) | L60: UPVC SWING
B62: KUSEN | C62: =(2.4+2.4)+1.7 -> 6.5 | D62: M' | E62: =AHS!$H$322 -> 183500 | F62: =C62*E62 -> 1192750 | J62: KUSEN | K62: =(2.15*2)+(1.2*4) -> 9.1 | L62: M' | M62: =AHS!$H$322 -> 183500 | N62: =K62*M62 -> 1669850
B63: DAUN PINTU | C63: =2*(0.8*2.35) -> 3.76 | D63: M2 | E63: =AHS!$H$266 -> 1525200 | F63: =C63*E63 -> 5734752 | J63: DAUN JENDELA KACA | K63: =2*(0.5*1.1) -> 1.1 | L63: M2 | M63: =AHS!$L$304 -> 1747558.5 | N63: =K63*M63 -> 1922314.4
B64: ENGSEL 4" | C64: 3 | D64: SET | E64: =AHS!$H$361 -> 67100 | F64: =C64*E64 -> 201300 | J64: KACA MATI | K64: =(0.9*1.1) -> 0.99 | L64: M2 | M64: ='HRG BAHAN'!$E$59 -> 237000 | N64: =K64*M64 -> 234630
B65: TARIKAN & KUNCI | C65: 1 | D65: UNIT | E65: =AHS!$G$394 -> 328497.5 | F65: =C65*E65 -> 328497.5 | J65: ENGSEL 3" | K65: 2 | L65: SET | M65: ='HRG BAHAN'!$E$10 -> 18900 | N65: =K65*M65 -> 37800
B66: INSTALL | C66: 2 | D66: LS | E66: 150000 | F66: =C66*E66 -> 300000 | J66: GERENDEL | K66: 2 | L66: BH | M66: ='HRG BAHAN'!$E$16 -> 32600 | N66: =K66*M66 -> 65200
E67: TOTAL | F67: =SUM(F62:F66) -> 7757299.5 | J67: KAIT ANGIN | K67: 2 | L67: SET | M67: ='HRG BAHAN'!$E$21 -> 12000 | N67: =K67*M67 -> 24000
E68: HARGA | F68: =F67*1.15 -> 8920894.4 | J68: INSTALL | K68: 2 | L68: LS | M68: 125000 | N68: =K68*M68 -> 250000
M69: TOTAL | N69: =SUM(N63:N68) -> 2533944.4
B70: PINTU P5 | C70: =1.6*2.4 -> 3.84 | D70: M2 | M70: HARGA | N70: =N69*1.15 -> 2914036
B71: ( DIM. 160x240 ) | D71: UPVC DOUBLESLIDE
J72: JENDELA J2B | K72: =2.15*2.25 -> 4.8375 | L72: M2
B73: KUSEN | C73: =(2.4+2.4)+1.6 -> 6.4 | D73: M' | E73: =AHS!$H$322 -> 183500 | F73: =C73*E73 -> 1174400 | J73: ( DIM. 2,15x2,25 ) | L73: UPVC SWING
B74: DAUN PINTU | C74: =2*(0.8*2.35) -> 3.76 | D74: M2 | E74: =AHS!$H$266 -> 1525200 | F74: =C74*E74 -> 5734752
B75: REL 1,5M | C75: 2 | D75: SET | E75: =AHS!$G$412 -> 403190 | F75: =C75*E75 -> 806380 | J75: KUSEN | K75: =(2.15*3)+(1.6*2)+(2.25*2) -> 14.15 | L75: M' | M75: =AHS!$H$322 -> 183500 | N75: =K75*M75 -> 2596525
B76: TARIKAN | C76: 2 | D76: SET | E76: =AHS!$G$394 -> 328497.5 | F76: =C76*E76 -> 656995 | J76: DAUN JENDELA KACA | K76: =2*(0.5*1.5) -> 1.5 | L76: M2 | M76: =AHS!$L$304 -> 1747558.5 | N76: =K76*M76 -> 2621337.8
B77: KUNCI KEMBANG | C77: 1 | D77: UNIT | F77: =C77*E77 -> 0 | J77: KACA MATI | K77: =(0.9*1.5)+(2.05*0.55) -> 2.4775 | L77: M2 | M77: ='HRG BAHAN'!$E$59 -> 237000 | N77: =K77*M77 -> 587167.5
B78: INSTALL | C78: 2 | D78: LS | E78: 150000 | F78: =C78*E78 -> 300000 | M78: TOTAL | N78: =SUM(N72:N77) -> 5805030.3
E79: TOTAL | F79: =SUM(F73:F78) -> 8672527 | M79: HARGA | N79: =N78*1.15 -> 6675784.8
E80: HARGA | F80: =F79*1.15 -> 9973406
B84: PINTU P5A | C84: =1.55*2.4 -> 3.72 | D84: M2 | J84: JENDELA J3 | K84: =5.1*4 -> 20.4 | L84: M2
B85: ( DIM. 155x240 ) | D85: UPVC SINGLESLIDE | J85: ( DIM. 5,1x4 ) | L85: UPVC | M85: ( 10 LBR )
B87: KUSEN | C87: =(2.4+2.4)+1.65 -> 6.45 | D87: M' | E87: =AHS!$H$322 -> 183500 | F87: =C87*E87 -> 1183575 | J87: KUSEN | K87: =(5.1*3)+(4*6) -> 39.3 | L87: M' | M87: =AHS!$H$322 -> 183500 | N87: =K87*M87 -> 7211550
B88: DAUN PINTU | C88: =(1.55*2.35) -> 3.6425 | D88: M2 | E88: =AHS!$H$266 -> 1525200 | F88: =C88*E88 -> 5555541 | J88: KACA MATI | K88: =(0.95*1.95) -> 1.8525 | L88: M2 | M88: ='HRG BAHAN'!$E$59 -> 237000 | N88: =K88*M88 -> 439042.5
B89: REL 1,5M | C89: 1 | D89: SET | E89: =AHS!$G$412 -> 403190 | F89: =C89*E89 -> 403190 | M89: TOTAL | N89: =SUM(N83:N88) -> 7650592.5
B90: TARIKAN | C90: 1 | D90: SET | E90: =AHS!$G$394 -> 328497.5 | F90: =C90*E90 -> 328497.5 | M90: HARGA | N90: =N89*1.15 -> 8798181.4
B91: KUNCI KEMBANG | C91: 1 | D91: UNIT | F91: =C91*E91 -> 0
B92: INSTALL | C92: 1 | D92: LS | E92: 150000 | F92: =C92*E92 -> 150000
E93: TOTAL | F93: =SUM(F87:F92) -> 7620803.5
E94: HARGA | F94: =F93*1.15 -> 8763924
J95: JENDELA J4 | K95: =1.5*2.65 -> 3.975 | L95: M2
J96: ( DIM. 1,5x2,65 ) | L96: UPVC
B97: PINTU P6 | C97: =0.95*2.4 -> 2.28 | D97: M2
B98: ( DIM. 95x240 ) | D98: UPVC SINGLESLIDE | J98: KUSEN | K98: =(1.5*2)+(2.65*2) -> 8.3 | L98: M' | M98: =AHS!$H$322 -> 183500 | N98: =K98*M98 -> 1523050
J99: KACA MATI | K99: =(1.4*2.55) -> 3.57 | L99: M2 | M99: ='HRG BAHAN'!$E$59 -> 237000 | N99: =K99*M99 -> 846090
B100: KUSEN | C100: =(2.4+2.4)+0.95 -> 5.75 | D100: M' | E100: =AHS!$H$322 -> 183500 | F100: =C100*E100 -> 1055125 | M100: TOTAL | N100: =SUM(N94:N99) -> 2369140
B101: DAUN PINTU | C101: =(0.9*2.35) -> 2.115 | D101: M2 | E101: =AHS!$H$266 -> 1525200 | F101: =C101*E101 -> 3225798 | M101: HARGA | N101: =N100*1.15 -> 2724511
B102: REL 1,5M | C102: 1 | D102: SET | E102: =AHS!$G$412 -> 403190 | F102: =C102*E102 -> 403190
B103: TARIKAN | C103: 1 | D103: SET | E103: =AHS!$G$394 -> 328497.5 | F103: =C103*E103 -> 328497.5
B104: KUNCI KEMBANG | C104: 1 | D104: UNIT | F104: =C104*E104 -> 0
B105: INSTALL | C105: 1 | D105: LS | E105: 150000 | F105: =C105*E105 -> 150000 | J105: JENDELA J5 | K105: =2.95*2.65 -> 7.8175 | L105: M2
E106: TOTAL | F106: =SUM(F100:F105) -> 5162610.5 | J106: ( DIM. 2,95x2,65 ) | L106: UPVC
E107: HARGA | F107: =F106*1.15 -> 5937002.1
J108: KUSEN | K108: =(2.95*2)+(2.65*3) -> 13.85 | L108: M' | M108: =AHS!$H$322 -> 183500 | N108: =K108*M108 -> 2541475
J109: KACA MATI | K109: =(1.4*2.55)*2 -> 7.14 | L109: M2 | M109: ='HRG BAHAN'!$E$59 -> 237000 | N109: =K109*M109 -> 1692180
B110: PINTU P7 | C110: =1*2.4 -> 2.4 | D110: M2 | M110: TOTAL | N110: =SUM(N104:N109) -> 4233655
B111: ( DIM. 100x240 ) | D111: UPVC SINGLESLIDE | M111: HARGA | N111: =N110*1.15 -> 4868703.2
B113: KUSEN | C113: =(2.4+2.4)+1 -> 5.8 | D113: M' | E113: =AHS!$H$322 -> 183500 | F113: =C113*E113 -> 1064300
B114: DAUN PINTU | C114: =(0.95*2.35) -> 2.2325 | D114: M2 | E114: =AHS!$H$266 -> 1525200 | F114: =C114*E114 -> 3405009
B115: REL 1,5M | C115: 1 | D115: SET | E115: =AHS!$G$412 -> 403190 | F115: =C115*E115 -> 403190 | J115: LOKET L1 | K115: =0.9*1.3 -> 1.17 | L115: M2
B116: TARIKAN | C116: 1 | D116: SET | E116: =AHS!$G$394 -> 328497.5 | F116: =C116*E116 -> 328497.5 | J116: ( DIM. 90x130 ) | L116: UPVC
B117: KUNCI KEMBANG | C117: 1 | D117: UNIT | F117: =C117*E117 -> 0
B118: INSTALL | C118: 1 | D118: LS | E118: 150000 | F118: =C118*E118 -> 150000 | J118: KUSEN | K118: =(0.9+1.3)*2 -> 4.4 | L118: M' | M118: =AHS!$H$322 -> 183500 | N118: =K118*M118 -> 807400
E119: TOTAL | F119: =SUM(F113:F118) -> 5350996.5 | J119: KACA MATI | K119: =0.9*1.15 -> 1.035 | L119: M2 | M119: ='HRG BAHAN'!$E$59 -> 237000 | N119: =K119*M119 -> 245295
E120: HARGA | F120: =F119*1.15 -> 6153646 | M120: TOTAL | N120: =SUM(N114:N119) -> 1052695
M121: HARGA | N121: =N120*1.15 -> 1210599.2
...

Sheet HRG BAHAN
A2: I | B2: MATERIAL KUNCI DAN ENGSEL
A3: 1 | C3: 1 set kunci pintu (kw 1) | D3: buah | E3: 180900
A4: 2 | C4: 1 set kunci pintu (kw 2) | D4: buah | E4: 117900
A5: 3 | C5: 1 set handle+kunci | D5: buah | E5: 279000
A6: 4 | C6: Door closer | D6: buah | E6: 167500
A7: 5 | C7: Door holder | D7: buah | E7: 81000
A8: 6 | C8: Door stop | D8: buah | E8: 58500
A9: 7 | C9: Engsel angin | D9: buah | E9: 27400
A10: 8 | C10: Engsel jendela | D10: buah | E10: 18900
A11: 9 | C11: Engsel kupu-kupu | D11: buah | E11: 41700
A12: 10 | C12: Engsel lengan jendela | D12: buah | E12: 26500
A13: 11 | C13: Engsel pintu (kw 1) | D13: buah | E13: 31500
A14: 12 | C14: Engsel pintu (kw 2) | D14: buah | E14: 23700
... A35: 33 | C35: Venetions blinds dan vertical blinds | D35: m2 | E35: 140000
A37: J | B37: MATERIAL KACA
A38: 1 | C38: Glass block 20x20 cm | D38: buah | E38: 2500
A39: 2 | C39: Frame besi kaca nako | D39: daun | E39: 400000
A40: 3 | C40: Jendela nako | D40: buah | E40: 400000
A41: 4 | C41: Jendela Kaca Upvc 2 daun | D41: buah | E41: 2000000
A42: 5 | C42: Jendela Ornamen GRC | D42: buah | E42: 596000
A43: 6 | C43: Jendela Nako Rangka Aluminium (rangka+kaca 5 mm) | D43: m2 | E43: 242000
A44: 7 | C44: Kaca buram 12mm | D44: m2 | E44: 317000
A45: 8 | C45: Kaca cermin 5 mm | D45: m2 | E45: 221400
A46: 9 | C46: Kaca cermin 6mm | D46: m2 | E46: 270900
A47: 10 | C47: Kaca cermin 8 mm | D47: m2 | E47: 796100
A48: 11 | C48: Kaca es kabur 3 mm | D48: m2 | E48: 85000
A49: 12 | C49: Kaca es kabur 5 mm | D49: m2 | E49: 95000
... A69: 32 | C69: Ray Band 5mm | D69: m2 | E69: 112400

Sheet AHS
B5: 3.6.1.9 | C5: Pemasangan 1 m2 dinding bata merah tebal 1/2 batu dengan mortar tipe O,fc’ 2,4 MPa (Setara Campuran 1SP : 5PP) | H5: =ROUNDDOWN(G22,-2) -> 129000 | K5: 3.6.4.2 | L5: Pemasangan 1 m2 dinding bata ringan tebal 10 cm dengan mortar siap pakai | Q5: =ROUNDDOWN(P21,-2) -> 153400
B6: No | C6: Uraian | D6: Sat. | E6: Koefisien | F6: Harga Satuan (Rp) | G6: Jumlah Harga (Rp) | K6: No | L6: Uraian | M6: Sat. | N6: Koefisien | O6: Harga Satuan (Rp) | P6: Jumlah Harga (Rp)
B7: A | C7: TENAGA KERJA | K7: A | L7: TENAGA KERJA
B8: 1 | C8: Pekerja | D8: OH | E8: 0.2 | F8: 100000 | G8: =E8*F8 -> 20000 | K8: 1 | L8: Pekerja | M8: OH | N8: 0.1677 | O8: 100000 | P8: =N8*O8 -> 16770
B9: 2 | C9: Tukang batu | D9: OH | E9: 0.1 | F9: 145000 | G9: =E9*F9 -> 14500 | K9: 2 | L9: Tukang batu | M9: OH | N9: 0.0833 | O9: 145000 | P9: =N9*O9 -> 12078.5
B10: 3 | C10: Kepala tukang | D10: OH | E10: 0.01 | F10: 175000 | G10: =E10*F10 -> 1750 | K10: 3 | L10: Kepala tukang | M10: OH | N10: 0.0083 | O10: 175000 | P10: =N10*O10 -> 1452.5
B11: 4 | C11: Mandor | D11: OH | E11: 0.0033 | F11: 200000 | G11: =E11*F11 -> 660 | K11: 4 | L11: Mandor | M11: OH | N11: 0.0028 | O11: 200000 | P11: =N11*O11 -> 560
B12: JUMLAH TENAGA KERJA | G12: =SUM(G8:G11) -> 36910 | K12: JUMLAH TENAGA KERJA | P12: =SUM(P8:P11) -> 30861
B13: B | C13: BAHAN | K13: B | L13: BAHAN
B14: 1 | C14: Bata merah | D14: buah | E14: 71.91 | F14: 700 | G14: =E14*F14 -> 50337 | K14: 1 | L14: Bata ringan tebal 10 cm | M14: buah | N14: 8.75 | O14: 11000 | P14: =N14*O14 -> 96250
B15: 2 | C15: Semen portland (PC) | D15: kg | E15: 9.68 | F15: 1300 | G15: =E15*F15 -> 12584 | K15: 2 | L15: Mortar siap pakai | M15: kg | N15: 3.429 | O15: 1850 | P15: =N15*O15 -> 6343.65
B16: 3 | C16: Pasir pasang (quarry - lokasi pekerjaan) | D16: m3 | E16: 0.045 | F16: 275000 | G16: =E16*F16 -> 12375 | K16: JUMLAH HARGA BAHAN | P16: =SUM(P14:P15) -> 102593.65
B17: JUMLAH HARGA BAHAN | G17: =SUM(G14:G16) -> 75296 | K17: C | L17: PERALATAN
B18: C | C18: PERALATAN | K18: JUMLAH HARGA ALAT | P18: 0
B19: JUMLAH HARGA ALAT | G19: 0 | K19: D | L19: Jumlah (A+B+C) | P19: =P16+P12 -> 133454.65
B20: D | C20: Jumlah (A+B+C) | G20: =G12+G17+G19 -> 112206 | K20: E | L20: Biaya Umum dan Keuntungan 10% - 15% x D | O20: 0.1 | P20: =P19*0.15 -> 20018.197
B21: E | C21: Biaya Umum dan Keuntungan 10% - 15% x D | F21: 0.1 | G21: =G20*0.15 -> 16830.9 | K21: F | L21: Harga Satuan Pekerjaan (D+E) | P21: =P19+P20 -> 153472.85
B22: F | C22: Harga Satuan Pekerjaan (D+E) | G22: =G20+G21 -> 129036.9
B28: 3.6.2.3 | C28: Pemasangan 1 m2 dinding conblock HB15 dengan mortar tipe S,fc’ 12,5 MPa (Setara Campuran 1SP : 3PP) | H28: =ROUNDDOWN(G46,-2) -> 427000 | K28: 3.6.6.1 | L28: Pemasangan 1 m2 dinding partisi, Gypsumboard t=9mm | Q28: =ROUNDDOWN(P46,-2) -> 104000
B29: No | C29: Uraian | D29: Sat. | E29: Koefisien | F29: Harga Satuan (Rp) | G29: Jumlah Harga (Rp) | K29: No | L29: Uraian | M29: Sat. | N29: Koefisien | O29: Harga Satuan (Rp) | P29: Jumlah Harga (Rp)
B30: A | C30: TENAGA KERJA | K30: A | L30: TENAGA KERJA
B31: 1 | C31: Pekerja | D31: OH | E31: 0.1667 | F31: 100000 | G31: =E31*F31 -> 16670 | K31: 1 | L31: Pekerja | M31: OH | N31: 0.2 | O31: 100000 | P31: =N31*O31 -> 20000
B32: 2 | C32: Tukang batu | D32: OH | E32: 0.0833 | F32: 145000 | G32: =E32*F32 -> 12078.5 | K32: 2 | L32: Tukang batu | M32: OH | N32: 0.1 | O32: 145000 | P32: =N32*O32 -> 14500
B33: 3 | C33: Kepala tukang | D33: OH | E33: 0.0083 | F33: 175000 | G33: =E33*F33 -> 1452.5 | K33: 3 | L33: Kepala tukang | M33: OH | N33: 0.01 | O33: 175000 | P33: =N33*O33 -> 1750
B34: 4 | C34: Mandor | D34: OH | E34: 0.0028 | F34: 200000 | G34: =E34*F34 -> 560 | K34: 4 | L34: Mandor | M34: OH | N34: 0.003 | O34: 200000 | P34: =N34*O34 -> 600
B35: JUMLAH TENAGA KERJA | G35: =SUM(G31:G34) -> 30761 | K35: JUMLAH TENAGA KERJA | P35: =SUM(P31:P34) -> 36850
B36: B | C36: BAHAN | K36: B | L36: BAHAN
B37: 1 | C37: HB-15 | D37: buah | E37: 12.5 | F37: 12000 | G37: =E37*F37 -> 150000 | K37: 1 | L37: Gypsum Board (122 cm x 244 cm x 9 mm) | M37: buah | N37: 0.739 | O37: 70000 | P37: =N37*O37 -> 51730
B38: 2 | C38: Semen portland (PC) | D38: kg | E38: 22.74 | F38: 1300 | G38: =E38*F38 -> 29562 | K38: 2 | L38: Rockwool tebal 50 mm | M38: kg | N38: 0 | O38: 290000 | P38: =N38*O38 -> 0
B39: 3 | C39: Pasir pasang (quarry - lokasi pekerjaan) | D39: m3 | E39: 0.55 | F39: 275000 | G39: =E39*F39 -> 151250 | K39: 3 | L39: Paku sekrup | M39: m3 | N39: 0.05 | O39: 30090 | P39: =N39*O39 -> 1504.5
B40: 4 | C40: Besi angkur diameter 8 | D40: kg | E40: 0.28 | F40: 35000 | G40: =E40*F40 -> 9800 | K40: 4 | L40: Compound gypsum | M40: kg | N40: 0.106 | O40: 3500 | P40: =N40*O40 -> 371
B41: JUMLAH HARGA BAHAN | G41: =SUM(G37:G40) -> 340612 | K41: JUMLAH HARGA BAHAN | P41: =SUM(P37:P40) -> 53605.5
B42: C | C42: PERALATAN | K42: C | L42: PERALATAN
B43: JUMLAH HARGA ALAT | G43: 0 | K43: JUMLAH HARGA ALAT | P43: 0
B44: D | C44: Jumlah (A+B+C) | G44: =G35+G41+G43 -> 371373 | K44: D | L44: Jumlah (A+B+C) | P44: =P41+P35 -> 90455.5
B45: E | C45: Biaya Umum dan Keuntungan 10% - 15% x D | F45: 0.1 | G45: =G44*0.15 -> 55705.95 | K45: E | L45: Biaya Umum dan Keuntungan 10% - 15% x D | O45: 0.1 | P45: =P44*0.15 -> 13568.325
B46: F | C46: Harga Satuan Pekerjaan (D+E) | G46: =G44+G45 -> 427078.95 | K46: F | L46: Harga Satuan Pekerjaan (D+E) | P46: =SUM(P43:P45) -> 104023.82
B50: 3.7.2 | C50: Pemasangan 1 m2 plesteran 1SP : 2PP tebal 15 mm | H50: =ROUNDDOWN(G66,-2) -> 64000
B51: No | C51: Uraian | D51: Sat. | E51: Koefisien | F51: Harga Satuan (Rp) | G51: Jumlah Harga (Rp)
B52: A | C52: TENAGA KERJA
B53: 1 | C53: Pekerja | D53: OH | E53: 0.2 | F53: 100000 | G53: =E53*F53 -> 20000
B54: 2 | C54: Tukang batu | D54: OH | E54: 0.1 | F54: 145000 | G54: =E54*F54 -> 14500
B55: 3 | C55: Kepala tukang | D55: OH | E55: 0.01 | F55: 175000 | G55: =E55*F55 -> 1750
B56: 4 | C56: Mandor | D56: OH | E56: 0.0033 | F56: 200000 | G56: =E56*F56 -> 660
B57: JUMLAH TENAGA KERJA | G57: =SUM(G53:G56) -> 36910
B58: B | C58: BAHAN
B59: 1 | C59: Semen portland (PC) | D59: kg | E59: 10.224 | F59: 1300 | G59: =E59*F59 -> 13291.2
B60: 2 | C60: Pasir pasang (quarry - lokasi pekerjaan) | D60: m3 | E60: 0.02 | F60: 275000 | G60: =E60*F60 -> 5500
B61: JUMLAH HARGA BAHAN | G61: =SUM(G59:G60) -> 18791.2
B62: C | C62: PERALATAN
B63: JUMLAH HARGA ALAT | G63: 0
B64: D | C64: Jumlah (A+B+C) | G64: =G57+G61+G63 -> 55701.2
B65: E | C65: Biaya Umum dan Keuntungan 10% - 15% x D | F65: 0.1 | G65: =G64*0.15 -> 8355.18
B66: F | C66: Harga Satuan Pekerjaan (D+E) | G66: =G64+G65 -> 64056.38
B69: 3.7.8 | C69: Pemasangan 1 m2 acian | H69: =ROUNDDOWN(G84,-2) -> 47300
B70: No | C70: Uraian | D70: Sat. | E70: Koefisien | F70: Harga Satuan (Rp) | G70: Jumlah Harga (Rp)
B71: A | C71: TENAGA KERJA
B72: 1 | C72: Pekerja | D72: OH | E72: 0.2 | F72: 100000 | G72: =E72*F72 -> 20000
B73: 2 | C73: Tukang batu | D73: OH | E73: 0.1 | F73: 145000 | G73: =E73*F73 -> 14500
B74: 3 | C74: Kepala tukang | D74: OH | E74: 0.01 | F74: 175000 | G74: =E74*F74 -> 1750
B75: 4 | C75: Mandor | D75: OH | E75: 0.0033 | F75: 200000 | G75: =E75*F75 -> 660
B76: JUMLAH TENAGA KERJA | G76: =SUM(G72:G75) -> 36910
B77: B | C77: BAHAN
B78: 1 | C78: Semen portland (PC) | D78: kg | E78: 3.25 | F78: 1300 | G78: =E78*F78 -> 4225
B79: JUMLAH HARGA BAHAN | G79: =SUM(G78) -> 4225
B80: C | C80: PERALATAN
B81: JUMLAH HARGA ALAT | G81: 0
B82: D | C82: Jumlah (A+B+C) | G82: =G76+G79+G81 -> 41135
B83: E | C83: Biaya Umum dan Keuntungan 10% - 15% x D | F83: 0.1 | G83: =G82*0.15 -> 6170.25
B84: F | C84: Harga Satuan Pekerjaan (D+E) | G84: =G82+G83 -> 47305.25
B87: 3.9.4.7 | C87: Pemasangan 1 m' lantai CERAMIC tile NONSLIP uk. 20x20 cm (1SP : 2PP) | H87: =ROUNDDOWN(G105,-3) -> 222000
B88: No | C88: Uraian | D88: Sat. | E88: Koefisien | F88: Harga Satuan (Rp) | G88: Jumlah Harga (Rp)
B89: A | C89: TENAGA KERJA
B90: 1 | C90: Pekerja | D90: OH | E90: 0.1429 | F90: 100000 | G90: =E90*F90 -> 14290
B91: 2 | C91: Tukang batu | D91: OH | E91: 0.0714 | F91: 145000 | G91: =E91*F91 -> 10353
B92: 3 | C92: Kepala tukang | D92: OH | E92: 0.0071 | F92: 175000 | G92: =E92*F92 -> 1242.5
B93: 4 | C93: Mandor | D93: OH | E93: 0.0024 | F93: 200000 | G93: =E93*F93 -> 480
B94: JUMLAH HARGA TENAGA KERJA | G94: =SUM(G90:G93) -> 26365.5
B95: B | C95: BAHAN
B96: 1 | C96: Homogenous tile unpolish 20x20 cm | D96: buah | E96: 25 | F96: =130000/25 -> 5200 | G96: =E96*F96 -> 130000
B97: 2 | C97: Semen portland (pc) | D97: kg | E97: 13.632 | F97: 1300 | G97: =E97*F97 -> 17721.6
B98: 3 | C98: Semen warna | D98: kg | E98: 1.5 | F98: 7800 | G98: =E98*F98 -> 11700
B99: 4 | C99: Pasir pasang (quarry - lokasi pekerjaan) | D99: m3 | E99: 0.027 | F99: 275000 | G99: =E99*F99 -> 7425
B100: JUMLAH HARGA BAHAN | G100: =SUM(G96:G99) -> 166846.6
B101: C | C101: PERALATAN
B102: JUMLAH HARGA ALAT | G102: 0
B103: D | C103: Jumlah (A+B+C) | G103: =G100+G94 -> 193212.1
B104: E | C104: Biaya Umum dan Keuntungan 10% - 15% x D | F104: 0.1 | G104: =G103*0.15 -> 28981.815
B105: F | C105: Harga Satuan Pekerjaan (D+E) | G105: =G103+G104 -> 222193.92
B109: 3.9.4.3 | C109: Pemasangan 1 m2 lantai homogenous tile Polish uk. 60x60 cm (1SP : 2PP) | H109: =ROUNDDOWN(G127,-2) -> 354000
B110: No | C110: Uraian | D110: Sat. | E110: Koefisien | F110: Harga Satuan (Rp) | G110: Jumlah Harga (Rp)
B111: A | C111: TENAGA KERJA
B112: 1 | C112: Pekerja | D112: OH | E112: 0.25 | F112: 100000 | G112: =E112*F112 -> 25000
B113: 2 | C113: Tukang batu | D113: OH | E113: 0.0833 | F113: 145000 | G113: =E113*F113 -> 12078.5
B114: 3 | C114: Kepala tukang | D114: OH | E114: 0.0083 | F114: 175000 | G114: =E114*F114 -> 1452.5
B115: 4 | C115: Mandor | D115: OH | E115: 0.0028 | F115: 200000 | G115: =E115*F115 -> 560
B116: JUMLAH HARGA TENAGA KERJA | G116: =SUM(G112:G115) -> 39091
B117: B | C117: BAHAN
B118: 1 | C118: Homogenous tile 60x60 cm | D118: buah | E118: 2.917 | F118: =238500/3 -> 79500 | G118: =E118*F118 -> 231901.5
B119: 2 | C119: Semen portland (PC) | D119: kg | E119: 13.632 | F119: 1300 | G119: =E119*F119 -> 17721.6
...

Sheet RAB
B2: RENCANA ANGGARAN BIAYA
B3: RSU SARI DHARMA
B4: JL. PULAU SERAM NO. 1
B5: DENPASAR
C7: PEKERJAAN ARSITEKTUR
B10: NO | C10: ITEM PEKERJAAN | D10: KETERANGAN | E10: VOL. | F10: SAT. | G10: HRG. SAT. | H10: HRG. TOTAL
B11: 1 | C11: 2 | D11: 3 | E11: 4 | F11: 5 | G11: 6 | H11: 7
B13: I | C13: LANTAI BASEMENT
B15: I.1 | C15: PEK. PAS. DINDING
B16: 1 | C16: PAS. DINDING BT RINGAN | E16: ='ANALISA VOLUME'!E16-'ANALISA VOLUME'!N40 -> 1283.25 | F16: M2 | G16: =AHS!$Q$5 -> 153400 | H16: =E16*G16 -> 1.9685055e+08
C17: 1. PAS. BATA RINGAN | D17: EX. CITICON | G17: =AHS!$Q$5 -> 153400
C18: 2. PARTISI GIPSUM TANPA ROCKWOOL | D18: EX. JAYA 9mm | G18: =AHS!$Q$28+AHS!$Q$172 -> 243700
B19: 2 | C19: PEK. PLESTER ACI | E19: =E16*2 -> 2566.5 | F19: M2 | G19: =AHS!$H$50+AHS!$H$69 -> 111300 | H19: =E19*G19 -> 2.8565145e+08
B21: I.2 | C21: PEK. PLAFOND
B22: 1 | C22: PAS. GIPSUM | D22: EX.JAYA | E22: ='ANALISA VOLUME'!E48 -> 1053.5 | F22: M2 | G22: =AHS!$Q$172+AHS!$H$172 -> 194000 | H22: =E22*G22 -> 204379000
B23: 2 | C23: PAS. SHADOWLINE | D23: EX. KENCANA | E23: =('ANALISA VOLUME'!E13+'ANALISA VOLUME'!E14)*2 -> 861.1 | F23: M' | G23: 35000 | H23: =E23*G23 -> 30138500
B25: I.3 | C25: PEK. PENUTUP LANTAI & DINDING
B26: 1 | C26: PAS. KERAMIK LANTAI | E26: ='ANALISA VOLUME'!E62 -> 355.92 | F26: M2
C27: 1. KM/WC, CUCI | D27: EX. ROMAN | E27: ='ANALISA VOLUME'!J59 -> 30.3375 | F27: M2 | G27: =AHS!$H$87 -> 222000 | H27: =E27*G27 -> 6734925
C28: 2. RUANGAN | D28: EX. ROMAN | E28: =E26-E27 -> 325.5825 | F28: M2 | G28: =AHS!$H$109 -> 354000 | H28: =E28*G28 -> 1.1525621e+08
B29: 2 | C29: PAS. PLINT KERAMIK | D29: EX. ROMAN | E29: =E23 -> 861.1 | F29: M' | G29: =AHS!$H$130 -> 40400 | H29: =E29*G29 -> 34788440
B30: 3 | C30: PAS. KERAMIK DINDING TOILET | D30: EX. ROMAN | E30: ='ANALISA VOLUME'!L71 -> 1.65 | F30: M2 | G30: =AHS!$H$151 -> 269900 | H30: =E30*G30 -> 445335
B32: I.4 | C32: PEK. KUSEN PINTU JENDELA | D32: UPVC MIX
B33: 1 | C33: PINTU P1 | E33: 5 | F33: UNIT | G33: ='ANALISA PINTU JENDELA'!F16 -> 5421570.9 | H33: =E33*G33 -> 27107855
B34: 2 | C34: PINTU P1 KM | E34: 5 | F34: UNIT | G34: ='ANALISA PINTU JENDELA'!F16 -> 5421570.9 | H34: =E34*G34 -> 27107855
B35: 3 | C35: PINTU P2 | E35: 13 | F35: UNIT | G35: ='ANALISA PINTU JENDELA'!F28 -> 5638214.8 | H35: =E35*G35 -> 73296793
B36: 4 | C36: PINTU P3 | E36: 4 | F36: UNIT | G36: ='ANALISA PINTU JENDELA'!F41 -> 7187743.2 | H36: =E36*G36 -> 28750973
B37: 5 | C37: PINTU P7 | E37: 2 | F37: UNIT | G37: ='ANALISA PINTU JENDELA'!F120 -> 6153646 | H37: =E37*G37 -> 12307292
B38: 6 | C38: JENDELA J1A | E38: 12 | F38: UNIT | G38: ='ANALISA PINTU JENDELA'!N42 -> 3889259 | H38: =E38*G38 -> 46671108
B39: 7 | C39: JENDELA J2A | E39: 1 | F39: UNIT | G39: ='ANALISA PINTU JENDELA'!N70 -> 2914036 | H39: =E39*G39 -> 2914036
B40: 8 | C40: LOKET L1 | E40: 2 | F40: UNIT | G40: ='ANALISA PINTU JENDELA'!N121 -> 1210599.2 | H40: =E40*G40 -> 2421198.5
B41: 9 | C41: LOKET L2 | E41: 1 | F41: UNIT | G41: ='ANALISA PINTU JENDELA'!N128 -> 3430656.1 | H41: =E41*G41 -> 3430656.1
B44: I.5 | C44: PEK. MEP
B45: 1 | C45: PEK. AMATEUR SANITAIR
C46: 1. PAS. CLOSET DUDUK | D46: EX. TOTO | E46: 6 | F46: UNIT | G46: =AHS!$H$415 -> 2107200 | H46: =E46*G46 -> 12643200
C47: 2. PAS. SHOWER | D47: EX. TOTO | E47: 5 | F47: SET | G47: =AHS!$H$434 -> 845000 | H47: =E47*G47 -> 4225000
C48: 3. PAS. WASHTAFEL | D48: EX. TOTO | E48: 6 | F48: UNIT | G48: =AHS!$H$508 -> 673000 | H48: =E48*G48 -> 4038000
C49: 4. PAS. FLOOR DRAIN | E49: 10 | F49: BH | G49: =AHS!$H$490 -> 72000 | H49: =E49*G49 -> 720000
C50: 5. PAS. KRAN MEJA | E50: 6 | F50: SET | G50: =AHS!$H$453 -> 127000 | H50: =E50*G50 -> 762000
C51: 6. PAS. JET WASHER | D51: EX. TOTO | E51: 6 | F51: UNIT | G51: =AHS!$H$471 -> 194100 | H51: =E51*G51 -> 1164600
B54: I.6 | C54: PEK. FINISHING
B55: 1 | C55: PEK. CAT DINDING | D55: EX. WELDON | E55: =E19 -> 2566.5 | F55: M2 | G55: =AHS!$H$191 -> 73300 | H55: =E55*G55 -> 1.8812445e+08
B56: 2 | C56: PEK. CAT PLAFOND | D56: EX. WELDON | E56: =E22 -> 1053.5 | F56: M2 | G56: =AHS!$H$228 -> 62800 | H56: =E56*G56 -> 66159800
B57: 3 | C57: PEK. CAT LANTAI | E57: ='ANALISA VOLUME'!E63 -> 697.58 | F57: M2 | G57: =AHS!$H$247 -> 96400 | H57: =E57*G57 -> 67246712
B60: I.7 | C60: PEK. LAIN LAIN
B61: 1 | C61: PEK. RAILLING RAMP | D61: BESI HOLLOW | E61: =(10.87*4)+(1.75*4)+3.42 -> 53.9 | F61: M' | G61: =AHS!$H$549 -> 315000 | H61: =E61*G61 -> 16978500
B62: 2 | C62: PAS. GLASS BLOCK | E62: =120*0.2 -> 24 | F62: M' | G62: =AHS!Q666 -> 142400 | H62: =E62*G62 -> 3417600
G65: SUB. TOTAL B | H65: =SUM(H14:H64) -> 1.463732e+09
B67: II | C67: LANTAI 1
B69: II.1 | C69: PEK. PAS. DINDING
B70: 1 | C70: PAS. DINDING BT RINGAN | E70: ='ANALISA VOLUME'!F16-'ANALISA VOLUME'!O40 -> 1773.4365 | F70: M2 | G70: =AHS!$Q$5 -> 153400 | H70: =E70*G70 -> 2.7204516e+08
C71: 1. PAS. BATA RINGAN | D71: EX. CITICON | G71: =AHS!$Q$5 -> 153400
C72: 2. PARTISI GIPSUM TANPA ROCKWOOL | D72: EX. JAYA 9mm | G72: =AHS!$Q$28+AHS!$Q$172 -> 243700
B73: 2 | C73: PEK. PLESTER ACI | E73: =E70*2 -> 3546.873 | F73: M2 | G73: =AHS!$H$50+AHS!$H$69 -> 111300 | H73: =E73*G73 -> 3.9476696e+08
B74: 3 | C74: PAS. KERAMIK DINDING | E74: ='ANALISA VOLUME'!M81 -> 233.912 | F74: M2 | G74: =AHS!$H$151 -> 269900 | H74: =E74*G74 -> 63132849
B75: 4 | C75: PAS. WALL PANEL | E75: =(28*3.2) -> 89.6 | F75: M2 | G75: 150000 | H75: =E75*G75 -> 13440000
B77: II.2 | C77: PEK. PLAFOND
B78: 1 | C78: PAS. GIPSUM | E78: ='ANALISA VOLUME'!F65 -> 1053.5 | F78: M2 | G78: =AHS!$Q$172+AHS!$H$172 -> 194000 | H78: =E78*G78 -> 204379000
B79: 2 | C79: PAS. SHADOWLINE | E79: =('ANALISA VOLUME'!F13+'ANALISA VOLUME'!F14)*2 -> 1080.37 | F79: M' | G79: 35000 | H79: =E79*G79 -> 37812950
B81: II.3 | C81: PEK. LANTAI
B82: 1 | C82: PAS. KERAMIK LANTAI | E82: ='ANALISA VOLUME'!F81+'ANALISA VOLUME'!F84 -> 908.448 | F82: M2
C83: 1. KM/WC, CUCI | D83: EX. ROMAN | E83: ='ANALISA VOLUME'!L81 -> 41.0945 | F83: M2 | G83: =AHS!$H$87 -> 222000 | H83: =E83*G83 -> 9122979
C84: 2. RUANGAN | D84: EX. ROMAN | E84: =E82-E83 -> 867.3535 | F84: M2 | G84: =AHS!$H$109 -> 354000 | H84: =E84*G84 -> 307043139
B85: 2 | C85: PAS. PLINT KERAMIK | E85: =E79 -> 1080.37 | F85: M' | G85: =AHS!$H$130 -> 40400 | H85: =E85*G85 -> 43646948
B87: II.4 | C87: PEK. KUSEN PINTU JENDELA
B88: 1 | C88: PINTU P1 | E88: 19 | F88: UNIT | G88: ='ANALISA PINTU JENDELA'!F16 -> 5421570.9 | H88: =E88*G88 -> 1.0300985e+08
B89: 2 | C89: PINTU P2 | E89: =26+3 -> 29 | F89: UNIT | G89: ='ANALISA PINTU JENDELA'!F28 -> 5638214.8 | H89: =E89*G89 -> 1.6350823e+08
B90: 3 | C90: PINTU P3 | E90: 9 | F90: UNIT | G90: ='ANALISA PINTU JENDELA'!F41 -> 7187743.2 | H90: =E90*G90 -> 64689689
B91: 4 | C91: PINTU P4 | E91: 1 | F91: UNIT | G91: ='ANALISA PINTU JENDELA'!F68 -> 8920894.4 | H91: =E91*G91 -> 8920894.4
B92: 5 | C92: PINTU JENDELA PJ1 | E92: 1 | F92: UNIT | G92: ='ANALISA PINTU JENDELA'!N17 -> 8856624.9 | H92: =E92*G92 -> 8856624.9
B93: 6 | C93: JENDELA J1 | E93: 1 | F93: UNIT | G93: ='ANALISA PINTU JENDELA'!N29 -> 4946366 | H93: =E93*G93 -> 4946366
B94: 7 | C94: JENDELA J2 | E94: 1 | F94: UNIT | G94: ='ANALISA PINTU JENDELA'!N56 -> 3816031 | H94: =E94*G94 -> 3816031
B95: 8 | C95: JENDELA J3 | E95: 1 | F95: UNIT | G95: ='ANALISA PINTU JENDELA'!F72 -> 0 | H95: =E95*G95 -> 0
B98: II.5 | C98: PEK. MEP
B99: 1 | C99: PEK. AMATEUR SANITAIR
C100: 1. PAS. CLOSET DUDUK | D100: EX. TOTO | E100: 13 | F100: UNIT | G100: =AHS!$H$415 -> 2107200 | H100: =E100*G100 -> 27393600
C101: 2. PAS. SHOWER | D101: EX. TOTO | E101: 4 | F101: SET | G101: =AHS!$H$434 -> 845000 | H101: =E101*G101 -> 3380000
C102: 3. PAS. WASHTAFEL | D102: EX. TOTO | E102: 23 | F102: UNIT | G102: =AHS!$H$508 -> 673000 | H102: =E102*G102 -> 15479000
C103: 4. PAS. FLOOR DRAIN | E103: 15 | F103: BH | G103: =AHS!$H$490 -> 72000 | H103: =E103*G103 -> 1080000
C104: 5. PAS. KRAN MEJA | E104: 8 | F104: SET | G104: =AHS!$H$453 -> 127000 | H104: =E104*G104 -> 1016000
C105: 6. PAS. JET WASHER | D105: EX. TOTO | E105: 13 | F105: UNIT | G105: =AHS!$H$471 -> 194100 | H105: =E105*G105 -> 2523300
B107: II.6 | C107: PEK. FINISHING
B108: 1 | C108: PEK. CAT DINDING | E108: =E73 -> 3546.873 | F108: M2 | G108: =AHS!$H$191 -> 73300 | H108: =E108*G108 -> 2.5998579e+08
B109: 2 | C109: PEK. CAT PLAFOND | E109: =E78 -> 1053.5 | F109: M2 | G109: =AHS!$H$228 -> 62800 | H109: =E109*G109 -> 66159800
B110: 3 | C110: PEK. CAT LANTAI | F110: M2 | G110: =AHS!$H$247 -> 96400 | H110: =E110*G110 -> 0
B112: II.7 | C112: PEK. LAIN LAIN
B113: 1 | C113: PEK. RAILLING RAMP | E113: =(11.25*4)+(1.75*4)+3.42 -> 55.42 | F113: M' | G113: =AHS!$H$549 -> 315000 | H113: =E113*G113 -> 17457300
B114: 2 | C114: PEK. RAILLING TANGGA
C115: 1. UTARA | E115: =(3.4*2)+(2.4*2)+(0.87+0.87+2.3) -> 15.64 | F115: M' | G115: 350000 | H115: =E115*G115 -> 5474000
C116: 2. SELATAN | E116: =(3.06*2)+(3.06*2)+(0.87+0.87+2.3) -> 16.28 | F116: M' | G116: 350000 | H116: =E116*G116 -> 5698000
C117: 3. LOBBY | E117: =(3.06*2)+(3.06*2)+(0.87+0.87+2.3) -> 16.28 | F117: M' | G117: 350000 | H117: =E117*G117 -> 5698000
G120: SUB. TOTAL 1 | H120: =SUM(H68:H119) -> 2.1144825e+09
B122: III | C122: LANTAI 2
B124: III.1 | C124: PEK. PAS. DINDING
B125: 1 | C125: PAS. DINDING BT RINGAN | E125: ='ANALISA VOLUME'!G16-'ANALISA VOLUME'!P40 -> 2440.4245 | F125: M2 | G125: =AHS!$Q$5 -> 153400 | H125: =E125*G125 -> 3.7436112e+08
C126: 1. PAS. BATA RINGAN | D126: EX. CITICON | G126: =AHS!$Q$5 -> 153400
C127: 2. PARTISI GIPSUM TANPA ROCKWOOL | D127: EX. JAYA 9mm | G127: =AHS!$Q$28+AHS!$Q$172 -> 243700
B128: 2 | C128: PEK. PLESTER ACI | E128: =E125*2 -> 4880.849 | F128: M2 | G128: =AHS!$H$50+AHS!$H$69 -> 111300 | H128: =E128*G128 -> 5.4323849e+08
B129: 3 | C129: PAS. KERAMIK DINDING | E129: ='ANALISA VOLUME'!N96 -> 170.272 | F129: M2 | G129: =AHS!$H$151 -> 269900 | H129: =E129*G129 -> 45956413
B131: III.2 | C131: PEK. PLAFOND
...
